accepted_name,family,broader,establishment_means,park_list,voucher_exists,iNat_RG_record_exists
Athyrium americanum,Aspleniaceae,1.ferns/primitive,native,1,1,1
Athyrium filix-femina,Aspleniaceae,1.ferns/primitive,native,1,1,1
Woodwardia fimbriata,Blechnaceae,1.ferns/primitive,native,1,1,1
Cystopteris fragilis,Cystopteridaceae,1.ferns/primitive,native,1,1,1
Pteridium feei,Dennstaedtiaceae,1.ferns/primitive,native,1,1,1
Dryopteris arguta,Dryopteridaceae,1.ferns/primitive,native,1,1,1
Polystichum imbricans,Dryopteridaceae,1.ferns/primitive,native,1,1,1
Polystichum kruckebergii,Dryopteridaceae,1.ferns/primitive,native,1,1,
Equisetum arvense,Equisetaceae,1.ferns/primitive,native,1,1,1
Equisetum hyemale,Equisetaceae,1.ferns/primitive,native,1,1,1
Equisetum laevigatum,Equisetaceae,1.ferns/primitive,native,1,1,1
Equisetum x ferrissii,Equisetaceae,1.ferns/primitive,native,,1,1
Isoetes bolanderi,Isoetaceae,1.ferns/primitive,native,1,1,
Isoetes howellii,Isoetaceae,1.ferns/primitive,native,1,1,
Isoetes nuttallii,Isoetaceae,1.ferns/primitive,native,1,1,
Isoetes occidentalis,Isoetaceae,1.ferns/primitive,native,1,1,
Marsilea vestita,Marsileaceae,1.ferns/primitive,native,1,1,
Botrychium ascendens,Ophioglossaceae,1.ferns/primitive,native,1,1,
Botrychium minganense,Ophioglossaceae,1.ferns/primitive,native,1,1,
Botrychium simplex,Ophioglossaceae,1.ferns/primitive,native,1,1,1
Botrychium yaaxudakeit,Ophioglossaceae,1.ferns/primitive,native,1,1,
Sceptridium multifidum,Ophioglossaceae,1.ferns/primitive,native,1,1,1
Polypodium californicum,Polypodiaceae,1.ferns/primitive,native,1,1,
Polypodium calirhiza,Polypodiaceae,1.ferns/primitive,native,1,1,
Polypodium hesperium,Polypodiaceae,1.ferns/primitive,native,1,1,
Polystichum scopulinum,Polypodiaceae,1.ferns/primitive,native,,1,
Adiantum aleuticum,Pteridaceae,1.ferns/primitive,native,1,1,1
Adiantum jordanii,Pteridaceae,1.ferns/primitive,native,1,,
Aspidotis californica,Pteridaceae,1.ferns/primitive,native,1,1,
Aspidotis densa,Pteridaceae,1.ferns/primitive,native,1,1,1
Cryptogramma acrostichoides,Pteridaceae,1.ferns/primitive,native,1,1,1
Cryptogramma cascadensis,Pteridaceae,1.ferns/primitive,native,1,1,
Myriopteris cooperae,Pteridaceae,1.ferns/primitive,native,,1,
Myriopteris covillei,Pteridaceae,1.ferns/primitive,native,1,1,1
Myriopteris gracillima,Pteridaceae,1.ferns/primitive,native,1,1,1
Myriopteris intertexta,Pteridaceae,1.ferns/primitive,native,1,1,1
Pellaea andromedifolia,Pteridaceae,1.ferns/primitive,native,1,1,1
Pellaea breweri,Pteridaceae,1.ferns/primitive,native,1,1,1
Pellaea bridgesii,Pteridaceae,1.ferns/primitive,native,1,1,1
Pellaea glaciogena,Pteridaceae,1.ferns/primitive,native,,1,
Pellaea mucronata,Pteridaceae,1.ferns/primitive,native,1,1,1
Pentagramma pallida,Pteridaceae,1.ferns/primitive,native,1,1,
Pentagramma triangularis,Pteridaceae,1.ferns/primitive,native,1,1,1
Selaginella hansenii,Selaginellaceae,1.ferns/primitive,native,1,1,1
Selaginella watsonii,Selaginellaceae,1.ferns/primitive,native,1,1,1
Woodsia oregana,Woodsiaceae,1.ferns/primitive,native,1,,
Woodsia scopulina,Woodsiaceae,1.ferns/primitive,native,1,1,
Calocedrus decurrens,Cupressaceae,2.gymnosperm,native,1,1,1
Juniperus communis,Cupressaceae,2.gymnosperm,native,1,1,1
Juniperus grandis,Cupressaceae,2.gymnosperm,native,1,1,1
Sequoiadendron giganteum,Cupressaceae,2.gymnosperm,native,1,1,1
Abies concolor,Pinaceae,2.gymnosperm,native,1,1,1
Abies magnifica,Pinaceae,2.gymnosperm,native,1,1,1
Pinus albicaulis,Pinaceae,2.gymnosperm,native,1,1,1
Pinus attenuata,Pinaceae,2.gymnosperm,native,1,1,1
Pinus contorta,Pinaceae,2.gymnosperm,native,1,1,1
Pinus jeffreyi,Pinaceae,2.gymnosperm,native,1,1,1
Pinus lambertiana,Pinaceae,2.gymnosperm,native,1,1,1
Pinus monophylla,Pinaceae,2.gymnosperm,native,1,1,
Pinus monticola,Pinaceae,2.gymnosperm,native,1,1,1
Pinus ponderosa,Pinaceae,2.gymnosperm,native,1,1,1
Pinus sabiniana,Pinaceae,2.gymnosperm,native,1,1,1
Pseudotsuga menziesii,Pinaceae,2.gymnosperm,native,1,1,1
Tsuga mertensiana,Pinaceae,2.gymnosperm,native,1,1,1
Taxus brevifolia,Taxaceae,2.gymnosperm,native,,1,
Torreya californica,Taxaceae,2.gymnosperm,native,1,1,1
Amaranthus albus,Amaranthaceae,3.dicot,introduced,1,1,
Amaranthus blitoides,Amaranthaceae,3.dicot,native,1,1,
Amaranthus retroflexus,Amaranthaceae,3.dicot,introduced,,,1
Chenopodium album,Amaranthaceae,3.dicot,introduced,1,1,
Chenopodium atrovirens,Amaranthaceae,3.dicot,native,1,1,
Chenopodium desiccatum,Amaranthaceae,3.dicot,native,,1,
Chenopodium pratericola,Amaranthaceae,3.dicot,native,,1,
Dysphania botrys,Amaranthaceae,3.dicot,introduced,1,1,1
Dysphania pumilio,Amaranthaceae,3.dicot,introduced,1,,
Monolepis nuttalliana,Amaranthaceae,3.dicot,native,1,1,
Neomonolepis spathulata,Amaranthaceae,3.dicot,native,1,1,
Rhus aromatica,Anacardiaceae,3.dicot,native,1,1,1
Toxicodendron diversilobum,Anacardiaceae,3.dicot,native,1,1,1
Angelica breweri,Apiaceae,3.dicot,native,1,1,1
Angelica capitellata,Apiaceae,3.dicot,native,1,1,1
Angelica lineariloba,Apiaceae,3.dicot,native,1,,1
Anthriscus caucalis,Apiaceae,3.dicot,introduced,1,1,1
Cicuta douglasii,Apiaceae,3.dicot,native,1,1,
Cymopterus cinerarius,Apiaceae,3.dicot,native,1,,
Cymopterus terebinthinus,Apiaceae,3.dicot,native,1,1,1
Daucus pusillus,Apiaceae,3.dicot,native,1,1,
Foeniculum vulgare,Apiaceae,3.dicot,introduced,1,1,
Heracleum maximum,Apiaceae,3.dicot,native,1,1,1
Ligusticum grayi,Apiaceae,3.dicot,native,1,1,1
Lomatium dissectum,Apiaceae,3.dicot,native,1,1,1
Lomatium macrocarpum,Apiaceae,3.dicot,native,1,1,
Lomatium nevadense,Apiaceae,3.dicot,native,1,1,
Lomatium torreyi,Apiaceae,3.dicot,native,1,1,1
Lomatium utriculatum,Apiaceae,3.dicot,native,1,1,1
Osmorhiza berteroi,Apiaceae,3.dicot,native,1,1,1
Osmorhiza brachypoda,Apiaceae,3.dicot,native,1,1,1
Osmorhiza occidentalis,Apiaceae,3.dicot,native,1,1,1
Oxypolis occidentalis,Apiaceae,3.dicot,native,1,1,
Perideridia bolanderi,Apiaceae,3.dicot,native,1,1,1
Perideridia howellii,Apiaceae,3.dicot,native,1,1,
Perideridia lemmonii,Apiaceae,3.dicot,native,1,1,
Perideridia parishii,Apiaceae,3.dicot,native,1,1,1
Podistera nevadensis,Apiaceae,3.dicot,native,1,1,1
Sanicula bipinnata,Apiaceae,3.dicot,native,,,1
Sanicula bipinnatifida,Apiaceae,3.dicot,native,1,1,
Sanicula graveolens,Apiaceae,3.dicot,native,1,1,
Sanicula tuberosa,Apiaceae,3.dicot,native,1,1,1
Tauschia hartwegii,Apiaceae,3.dicot,native,1,,
Torilis arvensis,Apiaceae,3.dicot,introduced,,1,1
Torilis nodosa,Apiaceae,3.dicot,introduced,1,1,
Yabea microcarpa,Apiaceae,3.dicot,native,1,1,
Apocynum androsaemifolium,Apocynaceae,3.dicot,native,1,1,1
Apocynum cannabinum,Apocynaceae,3.dicot,native,1,1,1
Asclepias cordifolia,Apocynaceae,3.dicot,native,1,1,1
Asclepias fascicularis,Apocynaceae,3.dicot,native,1,1,1
Asclepias speciosa,Apocynaceae,3.dicot,native,1,1,1
Vinca major,Apocynaceae,3.dicot,introduced,1,1,1
Hedera helix,Araliaceae,3.dicot,introduced,,1,
Asarum hartwegii,Aristolochiaceae,3.dicot,native,1,1,1
Asarum lemmonii,Aristolochiaceae,3.dicot,native,1,1,1
Achillea millefolium,Asteraceae,3.dicot,native,1,1,1
Adeia whitneyi,Asteraceae,3.dicot,native,1,1,
Adenocaulon bicolor,Asteraceae,3.dicot,native,1,1,1
Ageratina occidentalis,Asteraceae,3.dicot,native,1,1,1
Agnorhiza elata,Asteraceae,3.dicot,native,1,1,
Agoseris aurantiaca,Asteraceae,3.dicot,native,1,1,1
Agoseris elata,Asteraceae,3.dicot,native,1,1,
Agoseris glauca,Asteraceae,3.dicot,native,1,1,
Agoseris grandiflora,Asteraceae,3.dicot,native,1,1,
Agoseris heterophylla,Asteraceae,3.dicot,native,1,1,1
Agoseris monticola,Asteraceae,3.dicot,native,1,1,
Agoseris parviflora,Asteraceae,3.dicot,native,1,1,
Agoseris retrorsa,Asteraceae,3.dicot,native,1,1,1
Anaphalis margaritacea,Asteraceae,3.dicot,native,1,1,1
Antennaria argentea,Asteraceae,3.dicot,native,1,1,1
Antennaria corymbosa,Asteraceae,3.dicot,native,1,1,1
Antennaria media,Asteraceae,3.dicot,native,1,1,1
Antennaria rosea,Asteraceae,3.dicot,native,1,1,1
Antennaria umbrinella,Asteraceae,3.dicot,native,1,1,1
Anthemis cotula,Asteraceae,3.dicot,introduced,1,1,
Arnica chamissonis,Asteraceae,3.dicot,native,1,1,
Arnica cordifolia,Asteraceae,3.dicot,native,1,1,
Arnica dealbata,Asteraceae,3.dicot,native,1,1,
Arnica discoidea,Asteraceae,3.dicot,native,1,1,1
Arnica lanceolata,Asteraceae,3.dicot,native,1,1,
Arnica latifolia,Asteraceae,3.dicot,native,1,1,1
Arnica longifolia,Asteraceae,3.dicot,native,1,1,
Arnica mollis,Asteraceae,3.dicot,native,1,1,1
Arnica nevadensis,Asteraceae,3.dicot,native,1,1,
Arnica ovata,Asteraceae,3.dicot,native,1,1,
Arnica parryi,Asteraceae,3.dicot,native,1,1,
Artemisia albicans,Asteraceae,3.dicot,native,1,1,
Artemisia arbuscula,Asteraceae,3.dicot,native,1,,
Artemisia cana,Asteraceae,3.dicot,native,1,,
Artemisia douglasiana,Asteraceae,3.dicot,native,1,1,1
Artemisia dracunculus,Asteraceae,3.dicot,native,1,1,1
Artemisia ludoviciana,Asteraceae,3.dicot,native,1,1,1
Artemisia norvegica,Asteraceae,3.dicot,native,1,1,1
Artemisia rothrockii,Asteraceae,3.dicot,native,1,1,1
Artemisia spiciformis,Asteraceae,3.dicot,native,1,1,
Artemisia tridentata,Asteraceae,3.dicot,native,1,1,1
Askellia pygmaea,Asteraceae,3.dicot,native,1,,
Baccharis pilularis,Asteraceae,3.dicot,native,1,,
Balsamorhiza deltoidea,Asteraceae,3.dicot,native,1,1,
Balsamorhiza macrolepis,Asteraceae,3.dicot,native,1,1,
Balsamorhiza sagittata,Asteraceae,3.dicot,native,1,1,1
Bellis perennis,Asteraceae,3.dicot,introduced,,1,1
Bidens cernua,Asteraceae,3.dicot,native,1,1,
Bidens tripartita,Asteraceae,3.dicot,introduced,1,1,
Brickellia californica,Asteraceae,3.dicot,native,1,1,1
Brickellia grandiflora,Asteraceae,3.dicot,native,1,1,1
Calycadenia mollis,Asteraceae,3.dicot,native,1,1,1
Calycadenia multiglandulosa,Asteraceae,3.dicot,native,1,1,1
Carduus pycnocephalus,Asteraceae,3.dicot,introduced,1,1,
Centaurea benedicta,Asteraceae,3.dicot,introduced,1,1,
Centaurea cyanus,Asteraceae,3.dicot,introduced,1,,1
Centaurea melitensis,Asteraceae,3.dicot,introduced,1,1,
Centaurea solstitialis,Asteraceae,3.dicot,introduced,1,1,1
Centaurea stoebe,Asteraceae,3.dicot,introduced,,1,
Chaenactis alpigena,Asteraceae,3.dicot,native,1,1,1
Chaenactis douglasii,Asteraceae,3.dicot,native,1,1,1
Chaenactis glabriuscula,Asteraceae,3.dicot,native,1,1,1
Chrysothamnus viscidiflorus,Asteraceae,3.dicot,native,,1,1
Cirsium andersonii,Asteraceae,3.dicot,native,1,1,1
Cirsium occidentale,Asteraceae,3.dicot,native,1,1,1
Cirsium scariosum,Asteraceae,3.dicot,native,1,1,1
Cirsium tioganum,Asteraceae,3.dicot,native,1,1,
Cirsium vulgare,Asteraceae,3.dicot,introduced,1,1,1
Coreopsis lanceolata,Asteraceae,3.dicot,introduced,1,,
Corethrogyne filaginifolia,Asteraceae,3.dicot,native,1,1,1
Crepis acuminata,Asteraceae,3.dicot,native,1,1,
Crepis capillaris,Asteraceae,3.dicot,introduced,1,1,
Crepis intermedia,Asteraceae,3.dicot,native,1,1,1
Crepis occidentalis,Asteraceae,3.dicot,native,1,,
Deinandra kelloggii,Asteraceae,3.dicot,native,1,1,
Dieteria canescens,Asteraceae,3.dicot,native,1,1,1
Doellingeria breweri,Asteraceae,3.dicot,native,1,1,1
Ericameria arborescens,Asteraceae,3.dicot,native,1,1,1
Ericameria bloomeri,Asteraceae,3.dicot,native,1,1,1
Ericameria cuneata,Asteraceae,3.dicot,native,1,1,1
Ericameria discoidea,Asteraceae,3.dicot,native,1,1,1
Ericameria nauseosa,Asteraceae,3.dicot,native,1,1,1
Ericameria parryi,Asteraceae,3.dicot,native,1,1,1
Ericameria suffruticosa,Asteraceae,3.dicot,native,1,1,1
Erigeron algidus,Asteraceae,3.dicot,native,1,1,1
Erigeron annuus,Asteraceae,3.dicot,introduced,1,1,
Erigeron barbellulatus,Asteraceae,3.dicot,native,1,1,
Erigeron breweri,Asteraceae,3.dicot,native,1,1,1
Erigeron canadensis,Asteraceae,3.dicot,native,1,1,1
Erigeron clokeyi,Asteraceae,3.dicot,native,1,1,
Erigeron compositus,Asteraceae,3.dicot,native,1,1,1
Erigeron coulteri,Asteraceae,3.dicot,native,1,1,1
Erigeron divergens,Asteraceae,3.dicot,native,1,1,
Erigeron eatonii,Asteraceae,3.dicot,native,1,1,
Erigeron elmeri,Asteraceae,3.dicot,native,1,1,
Erigeron foliosus,Asteraceae,3.dicot,native,1,1,
Erigeron glacialis,Asteraceae,3.dicot,native,1,1,1
Erigeron linearis,Asteraceae,3.dicot,native,1,1,
Erigeron lonchophyllus,Asteraceae,3.dicot,native,1,1,
Erigeron pygmaeus,Asteraceae,3.dicot,native,1,1,1
Erigeron strigosus,Asteraceae,3.dicot,introduced,1,1,
Erigeron tener,Asteraceae,3.dicot,native,1,1,
Erigeron vagus,Asteraceae,3.dicot,native,1,1,1
Eriophyllum confertiflorum,Asteraceae,3.dicot,native,1,1,1
Eriophyllum congdonii,Asteraceae,3.dicot,native,1,1,
Eriophyllum lanatum,Asteraceae,3.dicot,native,1,1,1
Eriophyllum nubigenum,Asteraceae,3.dicot,native,1,1,1
Eurybia integrifolia,Asteraceae,3.dicot,native,1,1,1
Euthamia occidentalis,Asteraceae,3.dicot,native,1,1,1
Gaillardia pulchella,Asteraceae,3.dicot,introduced,1,,
Gnaphalium palustre,Asteraceae,3.dicot,native,1,1,1
Helenium bigelovii,Asteraceae,3.dicot,native,1,1,1
Helianthella californica,Asteraceae,3.dicot,native,1,1,
Helianthus annuus,Asteraceae,3.dicot,native,1,1,
Helianthus bolanderi,Asteraceae,3.dicot,native,1,,
Helianthus californicus,Asteraceae,3.dicot,native,1,1,1
Hemizonella minima,Asteraceae,3.dicot,native,1,1,1
Hesperevax acaulis,Asteraceae,3.dicot,native,,1,
Heterotheca grandiflora,Asteraceae,3.dicot,native,1,,
Heterotheca sessiliflora,Asteraceae,3.dicot,native,1,1,
Heterotheca villosa,Asteraceae,3.dicot,native,1,1,
Hieracium albiflorum,Asteraceae,3.dicot,native,1,1,1
Hieracium horridum,Asteraceae,3.dicot,native,1,1,1
Hieracium murorum,Asteraceae,3.dicot,introduced,,1,
Hieracium scouleri,Asteraceae,3.dicot,native,1,1,
Hieracium triste,Asteraceae,3.dicot,native,1,1,1
Holocarpha virgata,Asteraceae,3.dicot,native,1,1,
Hulsea algida,Asteraceae,3.dicot,native,1,1,1
Hulsea brevifolia,Asteraceae,3.dicot,native,1,1,1
Hulsea heterochroma,Asteraceae,3.dicot,native,1,1,1
Hymenoxys hoopesii,Asteraceae,3.dicot,native,1,,
Hypochaeris glabra,Asteraceae,3.dicot,introduced,1,1,
Hypochaeris radicata,Asteraceae,3.dicot,introduced,1,1,1
Jensia yosemitana,Asteraceae,3.dicot,native,1,1,1
Kyhosia bolanderi,Asteraceae,3.dicot,native,1,1,
Lactuca pulchella,Asteraceae,3.dicot,introduced,1,1,
Lactuca serriola,Asteraceae,3.dicot,introduced,1,1,1
Lasthenia californica,Asteraceae,3.dicot,native,1,,
Layia pentachaeta,Asteraceae,3.dicot,native,1,1,
Lessingia leptoclada,Asteraceae,3.dicot,native,1,1,1
Leucanthemum vulgare,Asteraceae,3.dicot,introduced,1,1,1
Logfia gallica,Asteraceae,3.dicot,introduced,1,1,
Madia elegans,Asteraceae,3.dicot,native,1,1,1
Madia exigua,Asteraceae,3.dicot,native,1,1,1
Madia glomerata,Asteraceae,3.dicot,native,1,1,1
Madia gracilis,Asteraceae,3.dicot,native,1,1,1
Malacothrix clevelandii,Asteraceae,3.dicot,native,,1,
Malacothrix floccifera,Asteraceae,3.dicot,native,1,1,1
Matricaria discoidea,Asteraceae,3.dicot,introduced,1,1,1
Micropus californicus,Asteraceae,3.dicot,native,1,1,
Microseris nutans,Asteraceae,3.dicot,native,1,1,1
Oreostemma alpigenum,Asteraceae,3.dicot,native,1,1,1
Packera cana,Asteraceae,3.dicot,native,1,1,1
Packera pauciflora,Asteraceae,3.dicot,native,1,1,1
Packera pseudaurea,Asteraceae,3.dicot,native,1,1,
Packera streptanthifolia,Asteraceae,3.dicot,native,1,1,
Packera subnuda,Asteraceae,3.dicot,native,1,1,
Packera werneriifolia,Asteraceae,3.dicot,native,1,1,1
Phalacroseris bolanderi,Asteraceae,3.dicot,native,1,1,
Pseudognaphalium beneolens,Asteraceae,3.dicot,native,1,1,
Pseudognaphalium californicum,Asteraceae,3.dicot,native,1,1,
Pseudognaphalium canescens,Asteraceae,3.dicot,native,,1,1
Pseudognaphalium luteoalbum,Asteraceae,3.dicot,introduced,1,,
Pseudognaphalium microcephalum,Asteraceae,3.dicot,native,1,1,
Pseudognaphalium stramineum,Asteraceae,3.dicot,native,1,1,
Pseudognaphalium thermale,Asteraceae,3.dicot,native,1,1,
Psilocarphus brevissimus,Asteraceae,3.dicot,native,,1,
Psilocarphus oregonus,Asteraceae,3.dicot,native,,1,
Psilocarphus tenellus,Asteraceae,3.dicot,native,,1,
Pyrrocoma apargioides,Asteraceae,3.dicot,native,1,1,1
Raillardella argentea,Asteraceae,3.dicot,native,1,1,1
Raillardella scaposa,Asteraceae,3.dicot,native,1,1,1
Rigiopappus leptocladus,Asteraceae,3.dicot,native,1,1,
Rudbeckia californica,Asteraceae,3.dicot,native,1,1,1
Rudbeckia hirta,Asteraceae,3.dicot,introduced,1,1,1
Senecio aronicoides,Asteraceae,3.dicot,native,1,1,1
Senecio clarkianus,Asteraceae,3.dicot,native,1,1,1
Senecio flaccidus,Asteraceae,3.dicot,native,1,1,
Senecio fremontii,Asteraceae,3.dicot,native,1,1,
Senecio integerrimus,Asteraceae,3.dicot,native,1,1,1
Senecio scorzonella,Asteraceae,3.dicot,native,1,1,1
Senecio serra,Asteraceae,3.dicot,native,1,,
Senecio triangularis,Asteraceae,3.dicot,native,1,1,1
Senecio vulgaris,Asteraceae,3.dicot,introduced,1,1,
Sericocarpus oregonensis,Asteraceae,3.dicot,native,1,1,1
Solidago elongata,Asteraceae,3.dicot,native,1,1,1
Solidago multiradiata,Asteraceae,3.dicot,native,1,1,1
Solidago stricta,Asteraceae,3.dicot,introduced,,1,
Solidago velutina,Asteraceae,3.dicot,native,1,1,1
Soliva sessilis,Asteraceae,3.dicot,introduced,1,1,
Sonchus asper,Asteraceae,3.dicot,introduced,1,1,
Sonchus oleraceus,Asteraceae,3.dicot,introduced,1,1,
Stenotus acaulis,Asteraceae,3.dicot,native,1,1,
Stephanomeria exigua,Asteraceae,3.dicot,native,,1,
Stephanomeria lactucina,Asteraceae,3.dicot,native,1,1,1
Stephanomeria tenuifolia,Asteraceae,3.dicot,native,1,1,1
Stephanomeria virgata,Asteraceae,3.dicot,native,1,1,1
Symphyotrichum ascendens,Asteraceae,3.dicot,native,1,1,1
Symphyotrichum bracteolatum,Asteraceae,3.dicot,native,1,1,
Symphyotrichum foliaceum,Asteraceae,3.dicot,native,1,1,
Symphyotrichum spathulatum,Asteraceae,3.dicot,native,1,1,1
Taeniatherum caput-medusae,Asteraceae,3.dicot,introduced,,,1
Tanacetum parthenium,Asteraceae,3.dicot,introduced,1,1,1
Taraxacum officinale,Asteraceae,3.dicot,introduced,1,1,1
Tragopogon dubius,Asteraceae,3.dicot,introduced,1,1,1
Uropappus lindleyi,Asteraceae,3.dicot,native,1,1,1
Wyethia angustifolia,Asteraceae,3.dicot,native,1,1,1
Wyethia mollis,Asteraceae,3.dicot,native,1,1,1
Xanthium strumarium,Asteraceae,3.dicot,introduced,,1,1
Berberis dictyota,Berberidaceae,3.dicot,native,1,1,1
Alnus rhombifolia,Betulaceae,3.dicot,native,1,1,1
Corylus cornuta,Betulaceae,3.dicot,native,1,1,1
Adelinia grandis,Boraginaceae,3.dicot,native,1,,1
Amsinckia menziesii,Boraginaceae,3.dicot,native,1,1,
Andersonglossum occidentale,Boraginaceae,3.dicot,introduced,1,1,1
Cryptantha affinis,Boraginaceae,3.dicot,native,1,1,
Cryptantha ambigua,Boraginaceae,3.dicot,native,1,1,
Cryptantha echinella,Boraginaceae,3.dicot,native,1,1,
Cryptantha flaccida,Boraginaceae,3.dicot,native,1,1,
Cryptantha glomeriflora,Boraginaceae,3.dicot,native,1,1,
Cryptantha muricata,Boraginaceae,3.dicot,native,1,1,
Cryptantha simulans,Boraginaceae,3.dicot,native,1,1,
Cryptantha torreyana,Boraginaceae,3.dicot,native,1,1,
Cynoglossum officinale,Boraginaceae,3.dicot,introduced,1,1,1
Draperia systyla,Boraginaceae,3.dicot,native,1,1,1
Eriodictyon californicum,Boraginaceae,3.dicot,native,1,1,1
Hackelia micrantha,Boraginaceae,3.dicot,native,1,1,1
Hackelia mundula,Boraginaceae,3.dicot,native,1,1,1
Hackelia nervosa,Boraginaceae,3.dicot,native,1,1,1
Hackelia velutina,Boraginaceae,3.dicot,native,1,1,1
Hesperochiron nanus,Boraginaceae,3.dicot,native,1,1,1
Hesperochiron pumilus,Boraginaceae,3.dicot,native,1,1,1
Hydrophyllum occidentale,Boraginaceae,3.dicot,native,1,1,1
Mertensia ciliata,Boraginaceae,3.dicot,native,1,1,1
Myosotis discolor,Boraginaceae,3.dicot,introduced,,1,1
Myosotis stricta,Boraginaceae,3.dicot,introduced,,1,1
Nemophila heterophylla,Boraginaceae,3.dicot,native,1,1,1
Nemophila maculata,Boraginaceae,3.dicot,native,1,1,1
Nemophila menziesii,Boraginaceae,3.dicot,native,1,1,1
Nemophila parviflora,Boraginaceae,3.dicot,native,1,1,1
Nemophila pedunculata,Boraginaceae,3.dicot,native,1,1,1
Nemophila spatulata,Boraginaceae,3.dicot,native,1,1,1
Oreocarya nubigena,Boraginaceae,3.dicot,native,1,1,1
Pectocarya pusilla,Boraginaceae,3.dicot,native,1,1,
Phacelia cicutaria,Boraginaceae,3.dicot,native,1,,
Phacelia congdonii,Boraginaceae,3.dicot,native,1,,
Phacelia egena,Boraginaceae,3.dicot,native,1,1,
Phacelia eisenii,Boraginaceae,3.dicot,native,1,1,1
Phacelia hastata,Boraginaceae,3.dicot,native,1,1,1
Phacelia heterophylla,Boraginaceae,3.dicot,native,1,1,
Phacelia humilis,Boraginaceae,3.dicot,native,1,1,
Phacelia hydrophylloides,Boraginaceae,3.dicot,native,1,1,1
Phacelia imbricata,Boraginaceae,3.dicot,native,1,1,1
Phacelia mutabilis,Boraginaceae,3.dicot,native,1,1,
Phacelia platyloba,Boraginaceae,3.dicot,native,1,,
Phacelia purpusii,Boraginaceae,3.dicot,native,1,1,
Phacelia quickii,Boraginaceae,3.dicot,native,1,1,1
Phacelia racemosa,Boraginaceae,3.dicot,native,1,1,
Phacelia ramosissima,Boraginaceae,3.dicot,native,1,1,1
Phacelia tanacetifolia,Boraginaceae,3.dicot,native,1,1,
Phacelia vallicola,Boraginaceae,3.dicot,native,1,1,1
Pholistoma auritum,Boraginaceae,3.dicot,native,1,1,1
Plagiobothrys bracteatus,Boraginaceae,3.dicot,native,,1,
Plagiobothrys myosotoides,Boraginaceae,3.dicot,native,1,1,
Plagiobothrys nothofulvus,Boraginaceae,3.dicot,native,1,1,
Plagiobothrys scouleri,Boraginaceae,3.dicot,native,1,1,
Plagiobothrys stipitatus,Boraginaceae,3.dicot,native,1,1,
Plagiobothrys tenellus,Boraginaceae,3.dicot,native,,1,
Plagiobothrys torreyi,Boraginaceae,3.dicot,native,1,1,1
Anelsonia eurycarpa,Brassicaceae,3.dicot,native,1,1,
Arabidopsis thaliana,Brassicaceae,3.dicot,introduced,1,1,
Arabis eschscholtziana,Brassicaceae,3.dicot,native,1,1,
Arabis pycnocarpa,Brassicaceae,3.dicot,native,1,1,
Athysanus pusillus,Brassicaceae,3.dicot,native,1,1,1
Barbarea orthoceras,Brassicaceae,3.dicot,native,1,1,1
Barbarea vulgaris,Brassicaceae,3.dicot,introduced,,1,
Boechera arcuata,Brassicaceae,3.dicot,native,1,1,1
Boechera covillei,Brassicaceae,3.dicot,native,,1,
Boechera davidsonii,Brassicaceae,3.dicot,native,1,1,1
Boechera depauperata,Brassicaceae,3.dicot,native,1,1,
Boechera divaricarpa,Brassicaceae,3.dicot,native,1,1,
Boechera howellii,Brassicaceae,3.dicot,native,1,1,
Boechera inyoensis,Brassicaceae,3.dicot,native,1,1,
Boechera lemmonii,Brassicaceae,3.dicot,native,1,1,
Boechera lyallii,Brassicaceae,3.dicot,native,1,1,
Boechera paupercula,Brassicaceae,3.dicot,native,1,1,
Boechera pendulocarpa,Brassicaceae,3.dicot,native,1,1,
Boechera perennans,Brassicaceae,3.dicot,native,,1,
Boechera pinetorum,Brassicaceae,3.dicot,native,1,1,
Boechera platysperma,Brassicaceae,3.dicot,native,1,1,1
Boechera pratincola,Brassicaceae,3.dicot,native,,1,
Boechera rectissima,Brassicaceae,3.dicot,native,1,1,
Boechera retrofracta,Brassicaceae,3.dicot,native,1,1,
Boechera sparsiflora,Brassicaceae,3.dicot,native,,1,1
Boechera stricta,Brassicaceae,3.dicot,native,1,1,
Boechera tularensis,Brassicaceae,3.dicot,native,,1,
Brassica nigra,Brassicaceae,3.dicot,introduced,1,1,
Brassica rapa,Brassicaceae,3.dicot,introduced,1,1,
Capsella bursa-pastoris,Brassicaceae,3.dicot,introduced,1,1,1
Cardamine breweri,Brassicaceae,3.dicot,native,1,1,
Cardamine californica,Brassicaceae,3.dicot,native,1,1,1
Cardamine hirsuta,Brassicaceae,3.dicot,introduced,,,1
Cardamine nuttallii,Brassicaceae,3.dicot,native,,1,
Cardamine oligosperma,Brassicaceae,3.dicot,native,1,1,
Descurainia californica,Brassicaceae,3.dicot,native,1,1,
Descurainia incana,Brassicaceae,3.dicot,native,1,1,
Descurainia incisa,Brassicaceae,3.dicot,native,,1,1
Descurainia pinnata,Brassicaceae,3.dicot,native,1,1,
Descurainia sophia,Brassicaceae,3.dicot,introduced,,1,
Draba albertina,Brassicaceae,3.dicot,native,1,1,1
Draba breweri,Brassicaceae,3.dicot,native,1,1,1
Draba cana,Brassicaceae,3.dicot,native,,1,
Draba densifolia,Brassicaceae,3.dicot,native,1,1,1
Draba lemmonii,Brassicaceae,3.dicot,native,1,1,1
Draba longisquamosa,Brassicaceae,3.dicot,native,,1,
Draba oligosperma,Brassicaceae,3.dicot,native,1,1,1
Draba praealta,Brassicaceae,3.dicot,native,1,1,
Draba verna,Brassicaceae,3.dicot,native,1,1,1
Erysimum capitatum,Brassicaceae,3.dicot,native,1,1,1
Erysimum perenne,Brassicaceae,3.dicot,native,1,1,1
Hirschfeldia incana,Brassicaceae,3.dicot,introduced,1,1,
Hornungia procumbens,Brassicaceae,3.dicot,native,1,1,
Lepidium densiflorum,Brassicaceae,3.dicot,native,1,1,1
Lepidium ramosissimum,Brassicaceae,3.dicot,introduced,1,1,
Lepidium ruderale,Brassicaceae,3.dicot,introduced,,1,
Lepidium virginicum,Brassicaceae,3.dicot,introduced,1,1,
Lunaria annua,Brassicaceae,3.dicot,introduced,1,,
Nasturtium officinale,Brassicaceae,3.dicot,introduced,1,1,1
Phoenicaulis cheiranthoides,Brassicaceae,3.dicot,native,1,1,1
Raphanus raphanistrum,Brassicaceae,3.dicot,introduced,1,1,
Raphanus sativus,Brassicaceae,3.dicot,introduced,,1,
Rorippa curvipes,Brassicaceae,3.dicot,native,1,1,
Rorippa curvisiliqua,Brassicaceae,3.dicot,native,1,1,
Rorippa sinuata,Brassicaceae,3.dicot,native,,1,
Sinapis arvensis,Brassicaceae,3.dicot,introduced,1,1,
Sisymbrium altissimum,Brassicaceae,3.dicot,introduced,1,1,1
Sisymbrium erysimoides,Brassicaceae,3.dicot,introduced,,1,
Sisymbrium irio,Brassicaceae,3.dicot,introduced,,1,
Sisymbrium officinale,Brassicaceae,3.dicot,introduced,1,1,
Streptanthus diversifolius,Brassicaceae,3.dicot,native,1,1,1
Streptanthus tortuosus,Brassicaceae,3.dicot,native,1,1,1
Subularia aquatica,Brassicaceae,3.dicot,native,1,1,1
Thysanocarpus curvipes,Brassicaceae,3.dicot,native,1,1,1
Tomostima reptans,Brassicaceae,3.dicot,native,,1,
Tropidocarpum gracile,Brassicaceae,3.dicot,native,1,1,
Turritis glabra,Brassicaceae,3.dicot,native,1,1,1
Yosemitea repanda,Brassicaceae,3.dicot,native,1,1,1
Brasenia schreberi,Cabombaceae,3.dicot,native,1,1,1
Calycanthus occidentalis,Calycanthaceae,3.dicot,native,1,1,1
Downingia montana,Campanulaceae,3.dicot,native,1,1,1
Githopsis diffusa,Campanulaceae,3.dicot,native,,1,
Githopsis specularioides,Campanulaceae,3.dicot,native,1,1,
Heterocodon rariflorum,Campanulaceae,3.dicot,native,1,1,1
Nemacladus capillaris,Campanulaceae,3.dicot,native,1,1,
Nemacladus interior,Campanulaceae,3.dicot,native,1,1,1
Porterella carnosula,Campanulaceae,3.dicot,native,1,,
Smithiastrum prenanthoides,Campanulaceae,3.dicot,native,1,1,1
Triodanis biflora,Campanulaceae,3.dicot,native,1,1,
Humulus lupulus,Cannabaceae,3.dicot,introduced,,1,1
Lonicera caerulea,Caprifoliaceae,3.dicot,native,1,1,1
Lonicera conjugialis,Caprifoliaceae,3.dicot,native,1,1,1
Lonicera interrupta,Caprifoliaceae,3.dicot,native,1,1,1
Lonicera involucrata,Caprifoliaceae,3.dicot,native,1,1,1
Plectritis ciliosa,Caprifoliaceae,3.dicot,native,1,1,
Symphoricarpos albus,Caprifoliaceae,3.dicot,native,1,,1
Symphoricarpos mollis,Caprifoliaceae,3.dicot,native,1,1,1
Symphoricarpos rotundifolius,Caprifoliaceae,3.dicot,native,1,1,1
Valeriana brachystemon,Caprifoliaceae,3.dicot,native,1,1,
Valeriana californica,Caprifoliaceae,3.dicot,native,1,1,1
Cerastium arvense,Caryophyllaceae,3.dicot,native,1,1,1
Cerastium beeringianum,Caryophyllaceae,3.dicot,native,1,1,
Cerastium fontanum,Caryophyllaceae,3.dicot,introduced,1,1,
Cerastium glomeratum,Caryophyllaceae,3.dicot,introduced,1,1,
Cherleria obtusiloba,Caryophyllaceae,3.dicot,native,1,1,1
Dianthus armeria,Caryophyllaceae,3.dicot,introduced,,1,1
Dianthus barbatus,Caryophyllaceae,3.dicot,introduced,1,1,
Eremogone aculeata,Caryophyllaceae,3.dicot,native,1,1,1
Eremogone congesta,Caryophyllaceae,3.dicot,native,1,1,
Eremogone kingii,Caryophyllaceae,3.dicot,native,1,1,1
Hartmaniella sierrae,Caryophyllaceae,3.dicot,native,1,1,
Herniaria hirsuta,Caryophyllaceae,3.dicot,introduced,1,1,1
Minuartia stricta,Caryophyllaceae,3.dicot,native,1,1,
Petrorhagia dubia,Caryophyllaceae,3.dicot,introduced,,1,
Polycarpon tetraphyllum,Caryophyllaceae,3.dicot,introduced,1,1,
Pseudostellaria jamesiana,Caryophyllaceae,3.dicot,native,1,1,1
Sabulina californica,Caryophyllaceae,3.dicot,native,1,1,
Sabulina douglasii,Caryophyllaceae,3.dicot,native,1,1,1
Sabulina nuttallii,Caryophyllaceae,3.dicot,native,1,1,1
Sabulina pusilla,Caryophyllaceae,3.dicot,native,1,1,
Sabulina rubella,Caryophyllaceae,3.dicot,native,1,1,
Sagina decumbens,Caryophyllaceae,3.dicot,native,1,1,
Sagina procumbens,Caryophyllaceae,3.dicot,introduced,,1,
Sagina saginoides,Caryophyllaceae,3.dicot,native,1,1,1
Saponaria officinalis,Caryophyllaceae,3.dicot,introduced,1,1,1
Scleranthus annuus,Caryophyllaceae,3.dicot,introduced,,1,
Silene antirrhina,Caryophyllaceae,3.dicot,native,1,1,
Silene bernardina,Caryophyllaceae,3.dicot,native,1,1,1
Silene bridgesii,Caryophyllaceae,3.dicot,native,1,1,
Silene coronaria,Caryophyllaceae,3.dicot,introduced,1,1,1
Silene gallica,Caryophyllaceae,3.dicot,introduced,1,1,1
Silene laciniata,Caryophyllaceae,3.dicot,native,1,1,1
Silene latifolia,Caryophyllaceae,3.dicot,introduced,1,1,1
Silene lemmonii,Caryophyllaceae,3.dicot,native,1,1,1
Silene menziesii,Caryophyllaceae,3.dicot,native,1,1,
Silene sargentii,Caryophyllaceae,3.dicot,native,1,1,1
Spergula arvensis,Caryophyllaceae,3.dicot,introduced,1,1,
Spergularia rubra,Caryophyllaceae,3.dicot,introduced,1,1,1
Stellaria borealis,Caryophyllaceae,3.dicot,native,1,1,
Stellaria calycantha,Caryophyllaceae,3.dicot,native,1,1,
Stellaria crispa,Caryophyllaceae,3.dicot,native,1,1,
Stellaria irrigua,Caryophyllaceae,3.dicot,native,1,1,
Stellaria longipes,Caryophyllaceae,3.dicot,native,1,1,1
Stellaria media,Caryophyllaceae,3.dicot,introduced,1,1,1
Stellaria nitens,Caryophyllaceae,3.dicot,native,1,1,
Stellaria obtusa,Caryophyllaceae,3.dicot,native,1,1,
Parnassia palustris,Celastraceae,3.dicot,native,1,1,1
Calystegia malacophylla,Convolvulaceae,3.dicot,native,1,1,1
Convolvulus arvensis,Convolvulaceae,3.dicot,introduced,1,1,
Cuscuta californica,Convolvulaceae,3.dicot,native,1,1,
Cuscuta jepsonii,Convolvulaceae,3.dicot,native,,1,
Cuscuta occidentalis,Convolvulaceae,3.dicot,native,1,1,
Cuscuta subinclusa,Convolvulaceae,3.dicot,native,1,1,
Cuscuta suksdorfii,Convolvulaceae,3.dicot,native,1,1,
Cornus nuttallii,Cornaceae,3.dicot,native,1,1,1
Cornus sericea,Cornaceae,3.dicot,native,1,1,1
Crassula aquatica,Crassulaceae,3.dicot,native,,1,
Dudleya cymosa,Crassulaceae,3.dicot,native,1,1,1
Rhodiola integrifolia,Crassulaceae,3.dicot,native,1,1,1
Sedella pumila,Crassulaceae,3.dicot,native,1,1,1
Sedum album,Crassulaceae,3.dicot,introduced,,1,
Sedum lanceolatum,Crassulaceae,3.dicot,native,1,1,1
Sedum obtusatum,Crassulaceae,3.dicot,native,1,1,1
Sedum radiatum,Crassulaceae,3.dicot,native,1,1,
Sedum spathulifolium,Crassulaceae,3.dicot,native,1,1,1
Sedum stenopetalum,Crassulaceae,3.dicot,native,1,1,
Marah fabacea,Cucurbitaceae,3.dicot,native,1,1,
Marah horrida,Cucurbitaceae,3.dicot,native,1,,1
Datisca glomerata,Datiscaceae,3.dicot,native,1,1,1
Drosera rotundifolia,Droseraceae,3.dicot,native,1,1,1
Elatine chilensis,Elatinaceae,3.dicot,native,,1,
Elatine rubella,Elatinaceae,3.dicot,native,,1,
Allotropa virgata,Ericaceae,3.dicot,native,1,1,1
Arctostaphylos manzanita,Ericaceae,3.dicot,native,,1,
Arctostaphylos mewukka,Ericaceae,3.dicot,native,,1,
Arctostaphylos nevadensis,Ericaceae,3.dicot,native,1,1,1
Arctostaphylos patula,Ericaceae,3.dicot,native,1,1,1
Arctostaphylos viscida,Ericaceae,3.dicot,native,1,1,1
Cassiope mertensiana,Ericaceae,3.dicot,native,1,1,1
Chimaphila umbellata,Ericaceae,3.dicot,native,1,1,1
Gaultheria humifusa,Ericaceae,3.dicot,native,1,1,1
Hemitomes congestum,Ericaceae,3.dicot,native,,,1
Kalmia microphylla,Ericaceae,3.dicot,native,1,1,1
Leucothoe davisiae,Ericaceae,3.dicot,native,1,1,1
Orthilia secunda,Ericaceae,3.dicot,native,1,1,1
Phyllodoce breweri,Ericaceae,3.dicot,native,1,1,1
Pleuricospora fimbriolata,Ericaceae,3.dicot,native,1,1,1
Pterospora andromedea,Ericaceae,3.dicot,native,1,1,1
Pyrola aphylla,Ericaceae,3.dicot,native,1,1,1
Pyrola asarifolia,Ericaceae,3.dicot,native,1,1,
Pyrola dentata,Ericaceae,3.dicot,native,1,1,1
Pyrola minor,Ericaceae,3.dicot,native,1,1,1
Pyrola picta,Ericaceae,3.dicot,native,1,1,1
Rhododendron columbianum,Ericaceae,3.dicot,native,1,1,1
Rhododendron occidentale,Ericaceae,3.dicot,native,1,1,1
Sarcodes sanguinea,Ericaceae,3.dicot,native,1,1,1
Vaccinium cespitosum,Ericaceae,3.dicot,native,1,1,1
Vaccinium parvifolium,Ericaceae,3.dicot,native,1,1,
Vaccinium shastense,Ericaceae,3.dicot,native,,1,
Vaccinium uliginosum,Ericaceae,3.dicot,native,1,1,1
Croton setiger,Euphorbiaceae,3.dicot,native,1,1,1
Euphorbia crenulata,Euphorbiaceae,3.dicot,native,1,1,1
Euphorbia serpillifolia,Euphorbiaceae,3.dicot,native,1,1,1
Acmispon americanus,Fabaceae,3.dicot,native,1,1,1
Acmispon argophyllus,Fabaceae,3.dicot,native,1,1,
Acmispon brachycarpus,Fabaceae,3.dicot,native,1,,1
Acmispon decumbens,Fabaceae,3.dicot,native,1,1,1
Acmispon glaber,Fabaceae,3.dicot,native,1,1,
Acmispon micranthus,Fabaceae,3.dicot,native,,1,
Acmispon parviflorus,Fabaceae,3.dicot,native,1,1,
Acmispon strigosus,Fabaceae,3.dicot,native,1,1,1
Astragalus bolanderi,Fabaceae,3.dicot,native,1,1,1
Astragalus congdonii,Fabaceae,3.dicot,native,1,,
Astragalus kentrophyta,Fabaceae,3.dicot,native,1,1,1
Astragalus lentiginosus,Fabaceae,3.dicot,native,1,1,
Astragalus purshii,Fabaceae,3.dicot,native,1,1,1
Astragalus whitneyi,Fabaceae,3.dicot,native,1,1,
Cercis occidentalis,Fabaceae,3.dicot,native,1,1,1
Cytisus scoparius,Fabaceae,3.dicot,introduced,,1,1
Genista linifolia,Fabaceae,3.dicot,introduced,,1,
Hosackia crassifolia,Fabaceae,3.dicot,native,1,1,1
Hosackia oblongifolia,Fabaceae,3.dicot,native,1,1,1
Lathyrus jepsonii,Fabaceae,3.dicot,native,1,1,1
Lathyrus lanszwertii,Fabaceae,3.dicot,native,1,1,
Lathyrus latifolius,Fabaceae,3.dicot,native,1,1,1
Lathyrus nevadensis,Fabaceae,3.dicot,native,1,1,1
Lathyrus sulphureus,Fabaceae,3.dicot,native,1,1,1
Lotus corniculatus,Fabaceae,3.dicot,introduced,,,1
Lupinus adsurgens,Fabaceae,3.dicot,native,1,1,
Lupinus albicaulis,Fabaceae,3.dicot,native,1,1,
Lupinus albifrons,Fabaceae,3.dicot,native,1,1,1
Lupinus andersonii,Fabaceae,3.dicot,native,1,1,1
Lupinus arbustus,Fabaceae,3.dicot,native,1,1,
Lupinus argenteus,Fabaceae,3.dicot,native,1,1,1
Lupinus benthamii,Fabaceae,3.dicot,native,1,,
Lupinus bicolor,Fabaceae,3.dicot,native,1,1,
Lupinus breweri,Fabaceae,3.dicot,native,1,1,1
Lupinus burkei,Fabaceae,3.dicot,native,1,1,1
Lupinus caudatus,Fabaceae,3.dicot,native,1,1,
Lupinus covillei,Fabaceae,3.dicot,native,1,1,1
Lupinus densiflorus,Fabaceae,3.dicot,native,1,1,1
Lupinus excubitus,Fabaceae,3.dicot,native,,1,1
Lupinus formosus,Fabaceae,3.dicot,native,1,1,1
Lupinus fulcratus,Fabaceae,3.dicot,native,1,1,
Lupinus gracilentus,Fabaceae,3.dicot,native,1,1,1
Lupinus grayi,Fabaceae,3.dicot,native,1,1,1
Lupinus latifolius,Fabaceae,3.dicot,native,1,1,1
Lupinus lepidus,Fabaceae,3.dicot,native,1,1,1
Lupinus meionanthus,Fabaceae,3.dicot,native,1,1,
Lupinus nanus,Fabaceae,3.dicot,native,1,1,1
Lupinus stiversii,Fabaceae,3.dicot,native,1,1,1
Medicago lupulina,Fabaceae,3.dicot,introduced,1,1,
Medicago polymorpha,Fabaceae,3.dicot,introduced,1,1,
Medicago sativa,Fabaceae,3.dicot,introduced,1,1,
Melilotus albus,Fabaceae,3.dicot,introduced,,1,
Melilotus indicus,Fabaceae,3.dicot,introduced,1,1,
Melilotus officinalis,Fabaceae,3.dicot,introduced,1,,
Robinia pseudoacacia,Fabaceae,3.dicot,introduced,,1,
Trifolium albopurpureum,Fabaceae,3.dicot,native,1,,1
Trifolium bolanderi,Fabaceae,3.dicot,native,1,1,1
Trifolium breweri,Fabaceae,3.dicot,native,1,1,1
Trifolium ciliolatum,Fabaceae,3.dicot,native,1,1,1
Trifolium cyathiferum,Fabaceae,3.dicot,native,1,,
Trifolium dubium,Fabaceae,3.dicot,introduced,1,1,
Trifolium hirtum,Fabaceae,3.dicot,introduced,,1,1
Trifolium longipes,Fabaceae,3.dicot,native,1,1,1
Trifolium microcephalum,Fabaceae,3.dicot,native,1,1,1
Trifolium monanthum,Fabaceae,3.dicot,native,1,1,1
Trifolium obtusiflorum,Fabaceae,3.dicot,native,1,1,1
Trifolium pratense,Fabaceae,3.dicot,introduced,1,1,1
Trifolium repens,Fabaceae,3.dicot,introduced,1,1,1
Trifolium variegatum,Fabaceae,3.dicot,native,1,1,
Trifolium willdenovii,Fabaceae,3.dicot,native,1,1,1
Trifolium wormskioldii,Fabaceae,3.dicot,native,1,1,1
Vicia americana,Fabaceae,3.dicot,native,1,1,1
Vicia benghalensis,Fabaceae,3.dicot,introduced,1,,
Vicia sativa,Fabaceae,3.dicot,introduced,,1,1
Chrysolepis sempervirens,Fagaceae,3.dicot,native,1,1,1
Notholithocarpus densiflorus,Fagaceae,3.dicot,native,1,1,1
Quercus chrysolepis,Fagaceae,3.dicot,native,1,1,1
Quercus douglasii,Fagaceae,3.dicot,native,1,,
Quercus garryana,Fagaceae,3.dicot,native,1,1,1
Quercus kelloggii,Fagaceae,3.dicot,native,1,1,1
Quercus lobata,Fagaceae,3.dicot,native,1,,
Quercus morehus,Fagaceae,3.dicot,native,,1,
Quercus vacciniifolia,Fagaceae,3.dicot,native,1,1,1
Quercus wislizeni,Fagaceae,3.dicot,native,1,1,1
Garrya flavescens,Garryaceae,3.dicot,native,,1,
Garrya fremontii,Garryaceae,3.dicot,native,1,1,1
Comastoma tenellum,Gentianaceae,3.dicot,native,1,1,
Frasera speciosa,Gentianaceae,3.dicot,native,1,1,1
Gentiana calycosa,Gentianaceae,3.dicot,native,1,1,1
Gentiana newberryi,Gentianaceae,3.dicot,native,1,1,1
Gentianella amarella,Gentianaceae,3.dicot,native,1,1,1
Gentianopsis holopetala,Gentianaceae,3.dicot,native,1,1,1
Gentianopsis simplex,Gentianaceae,3.dicot,native,1,1,1
Zeltnera abramsii,Gentianaceae,3.dicot,native,,,1
Zeltnera venusta,Gentianaceae,3.dicot,native,1,1,1
Erodium botrys,Geraniaceae,3.dicot,introduced,1,1,
Erodium cicutarium,Geraniaceae,3.dicot,introduced,1,1,1
Geranium californicum,Geraniaceae,3.dicot,native,1,1,1
Geranium carolinianum,Geraniaceae,3.dicot,native,1,1,
Geranium dissectum,Geraniaceae,3.dicot,introduced,1,1,
Geranium richardsonii,Geraniaceae,3.dicot,native,1,1,1
Geranium robertianum,Geraniaceae,3.dicot,introduced,1,1,1
Ribes cereum,Grossulariaceae,3.dicot,native,1,1,1
Ribes inerme,Grossulariaceae,3.dicot,native,1,1,
Ribes lasianthum,Grossulariaceae,3.dicot,native,1,1,
Ribes montigenum,Grossulariaceae,3.dicot,native,1,1,1
Ribes nevadense,Grossulariaceae,3.dicot,native,1,1,1
Ribes roezlii,Grossulariaceae,3.dicot,native,1,1,1
Ribes viscosissimum,Grossulariaceae,3.dicot,native,1,1,1
Myriophyllum sibiricum,Haloragaceae,3.dicot,native,1,1,
Philadelphus lewisii,Hydrangeaceae,3.dicot,native,1,1,1
Hypericum anagalloides,Hypericaceae,3.dicot,native,1,1,1
Hypericum calycinum,Hypericaceae,3.dicot,introduced,,1,1
Hypericum perforatum,Hypericaceae,3.dicot,introduced,1,1,1
Hypericum scouleri,Hypericaceae,3.dicot,native,1,1,1
Juglans hindsii,Juglandaceae,3.dicot,introduced,,1,
Agastache urticifolia,Lamiaceae,3.dicot,native,1,1,1
Ajuga reptans,Lamiaceae,3.dicot,introduced,,1,
Glechoma hederacea,Lamiaceae,3.dicot,introduced,1,1,
Lamium amplexicaule,Lamiaceae,3.dicot,native,1,,1
Lepechinia calycina,Lamiaceae,3.dicot,native,1,1,
Lycopus uniflorus,Lamiaceae,3.dicot,native,1,1,
Marrubium vulgare,Lamiaceae,3.dicot,introduced,1,1,
Melissa officinalis,Lamiaceae,3.dicot,introduced,,1,1
Mentha arvensis,Lamiaceae,3.dicot,introduced,1,1,
Mentha canadensis,Lamiaceae,3.dicot,native,,1,1
Mentha spicata,Lamiaceae,3.dicot,introduced,1,1,
Monardella breweri,Lamiaceae,3.dicot,native,1,1,1
Monardella candicans,Lamiaceae,3.dicot,native,,1,
Monardella odoratissima,Lamiaceae,3.dicot,native,1,1,1
Monardella sheltonii,Lamiaceae,3.dicot,native,1,1,
Monardella villosa,Lamiaceae,3.dicot,native,,1,1
Nepeta cataria,Lamiaceae,3.dicot,introduced,,1,
Prunella vulgaris,Lamiaceae,3.dicot,native,1,1,1
Pycnanthemum californicum,Lamiaceae,3.dicot,native,1,1,1
Salvia columbariae,Lamiaceae,3.dicot,native,1,1,1
Scutellaria bolanderi,Lamiaceae,3.dicot,native,1,1,
Scutellaria siphocampyloides,Lamiaceae,3.dicot,native,1,1,1
Scutellaria tuberosa,Lamiaceae,3.dicot,native,1,1,
Stachys ajugoides,Lamiaceae,3.dicot,native,1,1,
Stachys albens,Lamiaceae,3.dicot,native,1,1,1
Stachys rigida,Lamiaceae,3.dicot,native,,1,
Trichostema lanceolatum,Lamiaceae,3.dicot,native,1,1,
Trichostema oblongum,Lamiaceae,3.dicot,native,1,1,1
Umbellularia californica,Lauraceae,3.dicot,native,1,1,1
Utricularia gibba,Lentibulariaceae,3.dicot,native,1,1,
Utricularia intermedia,Lentibulariaceae,3.dicot,native,1,1,
Utricularia macrorhiza,Lentibulariaceae,3.dicot,native,1,1,
Utricularia minor,Lentibulariaceae,3.dicot,native,1,1,
Limnanthes alba,Limnanthaceae,3.dicot,native,1,1,1
Limnanthes douglasii,Limnanthaceae,3.dicot,native,1,,
Limnanthes montana,Limnanthaceae,3.dicot,native,1,1,
Linum lewisii,Linaceae,3.dicot,native,1,1,1
Sclerolinon digynum,Linaceae,3.dicot,native,1,1,
Lindernia dubia,Linderniaceae,3.dicot,native,1,1,
Mentzelia crocea,Loasaceae,3.dicot,native,1,,
Mentzelia dispersa,Loasaceae,3.dicot,native,1,1,1
Mentzelia laevicaulis,Loasaceae,3.dicot,native,,,1
Mentzelia lindleyi,Loasaceae,3.dicot,native,1,1,
Lythrum hyssopifolia,Lythraceae,3.dicot,native,1,1,
Lythrum portula,Lythraceae,3.dicot,introduced,,1,
Rotala ramosior,Lythraceae,3.dicot,native,1,1,
Malva nicaeensis,Malvaceae,3.dicot,introduced,1,,
Malva parviflora,Malvaceae,3.dicot,introduced,1,1,
Sidalcea asprella,Malvaceae,3.dicot,native,1,1,
Sidalcea glaucescens,Malvaceae,3.dicot,native,1,1,1
Sidalcea reptans,Malvaceae,3.dicot,native,1,1,1
Menyanthes trifoliata,Menyanthaceae,3.dicot,native,1,1,1
Mollugo verticillata,Molluginaceae,3.dicot,introduced,1,1,
Calandrinia menziesii,Montiaceae,3.dicot,native,1,1,1
Calyptridium monospermum,Montiaceae,3.dicot,native,1,1,1
Calyptridium umbellatum,Montiaceae,3.dicot,native,1,1,1
Claytonia lanceolata,Montiaceae,3.dicot,native,1,1,1
Claytonia megarhiza,Montiaceae,3.dicot,native,1,1,1
Claytonia nevadensis,Montiaceae,3.dicot,native,1,1,1
Claytonia parviflora,Montiaceae,3.dicot,native,1,1,1
Claytonia perfoliata,Montiaceae,3.dicot,native,1,1,1
Claytonia rubra,Montiaceae,3.dicot,native,1,1,1
Lewisia congdonii,Montiaceae,3.dicot,native,1,,
Lewisia disepala,Montiaceae,3.dicot,native,1,1,1
Lewisia glandulosa,Montiaceae,3.dicot,native,1,1,1
Lewisia kelloggii,Montiaceae,3.dicot,native,1,1,1
Lewisia nevadensis,Montiaceae,3.dicot,native,1,1,1
Lewisia pygmaea,Montiaceae,3.dicot,native,1,1,1
Lewisia triphylla,Montiaceae,3.dicot,native,1,1,1
Montia chamissoi,Montiaceae,3.dicot,native,1,1,1
Montia fontana,Montiaceae,3.dicot,native,1,1,
Montia linearis,Montiaceae,3.dicot,native,1,1,1
Montia parvifolia,Montiaceae,3.dicot,native,1,1,1
Myrica hartwegii,Myricaceae,3.dicot,native,1,1,
Nuphar polysepala,Nymphaeaceae,3.dicot,native,1,1,1
Fraxinus latifolia,Oleaceae,3.dicot,native,1,,
Syringa vulgaris,Oleaceae,3.dicot,introduced,,1,
Camissonia contorta,Onagraceae,3.dicot,native,1,1,
Camissonia lacustris,Onagraceae,3.dicot,native,1,1,
Camissonia sierrae,Onagraceae,3.dicot,native,1,1,1
Chamaenerion angustifolium,Onagraceae,3.dicot,native,1,1,1
Chamaenerion latifolium,Onagraceae,3.dicot,native,1,1,1
Circaea alpina,Onagraceae,3.dicot,native,1,1,1
Clarkia australis,Onagraceae,3.dicot,native,1,1,
Clarkia biloba,Onagraceae,3.dicot,native,1,1,1
Clarkia cylindrica,Onagraceae,3.dicot,native,,,1
Clarkia dudleyana,Onagraceae,3.dicot,native,1,1,1
Clarkia heterandra,Onagraceae,3.dicot,native,1,1,1
Clarkia modesta,Onagraceae,3.dicot,native,1,,
Clarkia purpurea,Onagraceae,3.dicot,native,1,1,1
Clarkia rhomboidea,Onagraceae,3.dicot,native,1,1,1
Clarkia unguiculata,Onagraceae,3.dicot,native,1,1,1
Clarkia williamsonii,Onagraceae,3.dicot,native,1,1,1
Epilobium anagallidifolium,Onagraceae,3.dicot,native,1,1,
Epilobium brachycarpum,Onagraceae,3.dicot,native,1,1,
Epilobium canum,Onagraceae,3.dicot,native,1,1,1
Epilobium ciliatum,Onagraceae,3.dicot,native,1,1,1
Epilobium densiflorum,Onagraceae,3.dicot,native,1,1,1
Epilobium glaberrimum,Onagraceae,3.dicot,native,1,1,1
Epilobium hallianum,Onagraceae,3.dicot,native,1,1,
Epilobium hornemannii,Onagraceae,3.dicot,native,1,1,
Epilobium howellii,Onagraceae,3.dicot,native,1,1,1
Epilobium lactiflorum,Onagraceae,3.dicot,native,1,1,
Epilobium minutum,Onagraceae,3.dicot,native,1,1,
Epilobium obcordatum,Onagraceae,3.dicot,native,1,1,1
Epilobium oreganum,Onagraceae,3.dicot,native,1,1,
Epilobium oregonense,Onagraceae,3.dicot,native,1,1,
Epilobium saximontanum,Onagraceae,3.dicot,native,1,1,
Epilobium torreyi,Onagraceae,3.dicot,native,,1,
Gayophytum decipiens,Onagraceae,3.dicot,native,1,1,
Gayophytum diffusum,Onagraceae,3.dicot,native,1,1,1
Gayophytum eriospermum,Onagraceae,3.dicot,native,1,1,
Gayophytum heterozygum,Onagraceae,3.dicot,native,1,1,
Gayophytum humile,Onagraceae,3.dicot,native,1,1,
Gayophytum racemosum,Onagraceae,3.dicot,native,1,1,
Gayophytum ramosissimum,Onagraceae,3.dicot,native,1,1,
Ludwigia palustris,Onagraceae,3.dicot,native,1,1,
Oenothera elata,Onagraceae,3.dicot,native,1,1,1
Aphyllon californicum,Orobanchaceae,3.dicot,native,1,1,1
Aphyllon corymbosum,Orobanchaceae,3.dicot,native,,1,1
Aphyllon epigalium,Orobanchaceae,3.dicot,native,1,,1
Aphyllon fasciculatum,Orobanchaceae,3.dicot,native,1,1,
Aphyllon franciscanum,Orobanchaceae,3.dicot,native,1,1,1
Aphyllon purpureum,Orobanchaceae,3.dicot,native,1,1,1
Castilleja applegatei,Orobanchaceae,3.dicot,native,1,1,1
Castilleja arachnoidea,Orobanchaceae,3.dicot,native,,1,
Castilleja attenuata,Orobanchaceae,3.dicot,native,1,1,1
Castilleja densiflora,Orobanchaceae,3.dicot,native,1,1,1
Castilleja disticha,Orobanchaceae,3.dicot,native,1,1,1
Castilleja exserta,Orobanchaceae,3.dicot,native,1,1,1
Castilleja foliolosa,Orobanchaceae,3.dicot,native,1,,
Castilleja lacera,Orobanchaceae,3.dicot,native,1,1,1
Castilleja lemmonii,Orobanchaceae,3.dicot,native,1,1,1
Castilleja lineariloba,Orobanchaceae,3.dicot,native,1,1,1
Castilleja miniata,Orobanchaceae,3.dicot,native,1,1,1
Castilleja nana,Orobanchaceae,3.dicot,native,1,1,1
Castilleja peirsonii,Orobanchaceae,3.dicot,native,1,1,1
Castilleja pilosa,Orobanchaceae,3.dicot,native,1,1,
Castilleja tenuis,Orobanchaceae,3.dicot,native,1,1,1
Cordylanthus pilosus,Orobanchaceae,3.dicot,native,,1,
Cordylanthus rigidus,Orobanchaceae,3.dicot,native,1,1,1
Cordylanthus tenuis,Orobanchaceae,3.dicot,native,1,1,
Orthocarpus cuspidatus,Orobanchaceae,3.dicot,native,1,1,
Orthocarpus luteus,Orobanchaceae,3.dicot,native,1,1,
Pedicularis attollens,Orobanchaceae,3.dicot,native,1,1,1
Pedicularis groenlandica,Orobanchaceae,3.dicot,native,1,1,1
Pedicularis semibarbata,Orobanchaceae,3.dicot,native,1,1,1
Oxalis albicans,Oxalidaceae,3.dicot,native,,1,
Oxalis corniculata,Oxalidaceae,3.dicot,introduced,1,1,
Oxalis dillenii,Oxalidaceae,3.dicot,introduced,,1,
Oxalis stricta,Oxalidaceae,3.dicot,introduced,,1,
Dicentra formosa,Papaveraceae,3.dicot,native,1,1,1
Dicentra pauciflora,Papaveraceae,3.dicot,native,1,1,
Dicentra uniflora,Papaveraceae,3.dicot,native,1,1,1
Ehrendorferia chrysantha,Papaveraceae,3.dicot,native,1,1,1
Eschscholzia caespitosa,Papaveraceae,3.dicot,native,1,1,1
Eschscholzia californica,Papaveraceae,3.dicot,native,1,1,1
Romneya coulteri,Papaveraceae,3.dicot,native,1,,
Diplacus bolanderi,Phrymaceae,3.dicot,native,1,1,1
Diplacus congdonii,Phrymaceae,3.dicot,native,1,,
Diplacus douglasii,Phrymaceae,3.dicot,native,1,,
Diplacus graniticola,Phrymaceae,3.dicot,native,1,1,1
Diplacus kelloggii,Phrymaceae,3.dicot,native,1,,1
Diplacus layneae,Phrymaceae,3.dicot,native,1,1,1
Diplacus leptaleus,Phrymaceae,3.dicot,native,1,1,1
Diplacus mephiticus,Phrymaceae,3.dicot,native,1,1,1
Diplacus pulchellus,Phrymaceae,3.dicot,native,1,1,1
Diplacus torreyi,Phrymaceae,3.dicot,native,1,1,1
Erythranthe acutidens,Phrymaceae,3.dicot,native,,1,
Erythranthe androsacea,Phrymaceae,3.dicot,native,,1,
Erythranthe arenaria,Phrymaceae,3.dicot,native,,1,1
Erythranthe bicolor,Phrymaceae,3.dicot,native,1,1,1
Erythranthe breweri,Phrymaceae,3.dicot,native,1,1,1
Erythranthe cardinalis,Phrymaceae,3.dicot,native,1,1,1
Erythranthe corallina,Phrymaceae,3.dicot,native,1,1,1
Erythranthe erubescens,Phrymaceae,3.dicot,native,1,1,1
Erythranthe filicaulis,Phrymaceae,3.dicot,native,1,1,1
Erythranthe floribunda,Phrymaceae,3.dicot,native,1,1,
Erythranthe guttata,Phrymaceae,3.dicot,native,1,1,1
Erythranthe inconspicua,Phrymaceae,3.dicot,native,1,1,
Erythranthe laciniata,Phrymaceae,3.dicot,native,1,1,1
Erythranthe microphylla,Phrymaceae,3.dicot,native,1,1,1
Erythranthe montioides,Phrymaceae,3.dicot,native,1,1,
Erythranthe moschata,Phrymaceae,3.dicot,native,1,1,1
Erythranthe nasuta,Phrymaceae,3.dicot,native,1,1,1
Erythranthe primuloides,Phrymaceae,3.dicot,native,1,1,1
Erythranthe pulsiferae,Phrymaceae,3.dicot,native,1,,
Erythranthe rubella,Phrymaceae,3.dicot,native,,,1
Erythranthe suksdorfii,Phrymaceae,3.dicot,native,1,1,1
Erythranthe tilingii,Phrymaceae,3.dicot,native,1,1,1
Mimetanthe pilosa,Phrymaceae,3.dicot,native,1,1,
Mimulus angustatus,Phrymaceae,3.dicot,native,1,,
Antirrhinum leptaleum,Plantaginaceae,3.dicot,native,1,1,
Callitriche heterophylla,Plantaginaceae,3.dicot,native,1,1,
Callitriche marginata,Plantaginaceae,3.dicot,native,1,1,
Callitriche palustris,Plantaginaceae,3.dicot,native,1,1,
Collinsia bartsiifolia,Plantaginaceae,3.dicot,native,1,1,
Collinsia childii,Plantaginaceae,3.dicot,native,1,1,
Collinsia heterophylla,Plantaginaceae,3.dicot,native,1,1,1
Collinsia linearis,Plantaginaceae,3.dicot,native,1,1,
Collinsia parviflora,Plantaginaceae,3.dicot,native,1,1,1
Collinsia tinctoria,Plantaginaceae,3.dicot,native,1,1,1
Collinsia torreyi,Plantaginaceae,3.dicot,native,1,1,1
Digitalis purpurea,Plantaginaceae,3.dicot,introduced,1,1,1
Gratiola ebracteata,Plantaginaceae,3.dicot,native,1,1,1
Gratiola neglecta,Plantaginaceae,3.dicot,native,1,1,
Hippuris vulgaris,Plantaginaceae,3.dicot,native,1,1,
Keckiella breviflora,Plantaginaceae,3.dicot,native,1,1,1
Limosella acaulis,Plantaginaceae,3.dicot,native,1,1,
Limosella aquatica,Plantaginaceae,3.dicot,native,1,,
Penstemon azureus,Plantaginaceae,3.dicot,native,1,1,1
Penstemon davidsonii,Plantaginaceae,3.dicot,native,1,1,1
Penstemon heterodoxus,Plantaginaceae,3.dicot,native,1,1,1
Penstemon heterophyllus,Plantaginaceae,3.dicot,native,1,1,1
Penstemon laetus,Plantaginaceae,3.dicot,native,1,1,1
Penstemon newberryi,Plantaginaceae,3.dicot,native,1,1,1
Penstemon procerus,Plantaginaceae,3.dicot,native,1,1,1
Penstemon roezlii,Plantaginaceae,3.dicot,native,1,1,
Penstemon rostriflorus,Plantaginaceae,3.dicot,native,1,1,1
Penstemon rydbergii,Plantaginaceae,3.dicot,native,1,1,1
Plantago erecta,Plantaginaceae,3.dicot,native,1,,
Plantago lanceolata,Plantaginaceae,3.dicot,introduced,1,1,1
Plantago major,Plantaginaceae,3.dicot,introduced,1,1,1
Veronica americana,Plantaginaceae,3.dicot,native,1,1,1
Veronica anagallis-aquatica,Plantaginaceae,3.dicot,introduced,1,1,
Veronica arvensis,Plantaginaceae,3.dicot,introduced,1,1,1
Veronica cusickii,Plantaginaceae,3.dicot,native,1,1,
Veronica filiformis,Plantaginaceae,3.dicot,introduced,,1,
Veronica peregrina,Plantaginaceae,3.dicot,native,1,1,1
Veronica persica,Plantaginaceae,3.dicot,introduced,1,1,
Veronica scutellata,Plantaginaceae,3.dicot,native,1,1,1
Veronica serpyllifolia,Plantaginaceae,3.dicot,native,1,1,1
Veronica wormskjoldii,Plantaginaceae,3.dicot,native,1,1,1
Allophyllum capillare,Polemoniaceae,3.dicot,native,1,1,1
Allophyllum divaricatum,Polemoniaceae,3.dicot,native,1,1,1
Allophyllum gilioides,Polemoniaceae,3.dicot,native,1,1,1
Allophyllum integrifolium,Polemoniaceae,3.dicot,native,1,1,1
Collomia grandiflora,Polemoniaceae,3.dicot,native,1,1,1
Collomia heterophylla,Polemoniaceae,3.dicot,native,1,1,1
Collomia linearis,Polemoniaceae,3.dicot,native,1,1,1
Collomia tinctoria,Polemoniaceae,3.dicot,native,1,,
Gilia capitata,Polemoniaceae,3.dicot,native,1,1,1
Gilia tricolor,Polemoniaceae,3.dicot,native,1,,
Ipomopsis aggregata,Polemoniaceae,3.dicot,native,1,1,1
Leptosiphon bicolor,Polemoniaceae,3.dicot,native,1,1,1
Leptosiphon ciliatus,Polemoniaceae,3.dicot,native,1,1,1
Leptosiphon filipes,Polemoniaceae,3.dicot,native,1,1,1
Leptosiphon liniflorus,Polemoniaceae,3.dicot,native,,,1
Leptosiphon montanus,Polemoniaceae,3.dicot,native,1,1,
Leptosiphon nuttallii,Polemoniaceae,3.dicot,native,1,,1
Linanthus dichotomus,Polemoniaceae,3.dicot,native,1,1,1
Linanthus harknessii,Polemoniaceae,3.dicot,native,1,1,
Linanthus pungens,Polemoniaceae,3.dicot,native,1,1,1
Microsteris gracilis,Polemoniaceae,3.dicot,native,1,1,1
Navarretia crystallina,Polemoniaceae,3.dicot,native,,1,
Navarretia divaricata,Polemoniaceae,3.dicot,native,1,1,
Navarretia intertexta,Polemoniaceae,3.dicot,native,1,1,1
Navarretia leptalea,Polemoniaceae,3.dicot,native,1,1,1
Navarretia linearifolia,Polemoniaceae,3.dicot,native,,1,
Navarretia viscidula,Polemoniaceae,3.dicot,native,1,1,
Navarretia vividior,Polemoniaceae,3.dicot,native,1,1,
Phlox condensata,Polemoniaceae,3.dicot,native,1,1,1
Phlox diffusa,Polemoniaceae,3.dicot,native,1,1,1
Phlox pulvinata,Polemoniaceae,3.dicot,native,1,1,
Phlox speciosa,Polemoniaceae,3.dicot,native,1,1,
Polemonium californicum,Polemoniaceae,3.dicot,native,1,1,1
Polemonium eximium,Polemoniaceae,3.dicot,native,1,1,1
Polemonium occidentale,Polemoniaceae,3.dicot,native,1,1,1
Polemonium pulcherrimum,Polemoniaceae,3.dicot,native,1,1,1
Bistorta bistortoides,Polygonaceae,3.dicot,native,1,1,1
Chorizanthe membranacea,Polygonaceae,3.dicot,native,1,1,1
Eriogonum gracile,Polygonaceae,3.dicot,native,,1,
Eriogonum hirtiflorum,Polygonaceae,3.dicot,native,1,1,
Eriogonum incanum,Polygonaceae,3.dicot,native,1,1,1
Eriogonum lobbii,Polygonaceae,3.dicot,native,1,1,1
Eriogonum marifolium,Polygonaceae,3.dicot,native,1,1,
Eriogonum microtheca,Polygonaceae,3.dicot,native,,,1
Eriogonum nudum,Polygonaceae,3.dicot,native,1,1,1
Eriogonum ovalifolium,Polygonaceae,3.dicot,native,1,1,1
Eriogonum prattenianum,Polygonaceae,3.dicot,native,1,1,
Eriogonum rosense,Polygonaceae,3.dicot,native,1,1,1
Eriogonum roseum,Polygonaceae,3.dicot,native,1,1,1
Eriogonum spergulinum,Polygonaceae,3.dicot,native,1,1,1
Eriogonum umbellatum,Polygonaceae,3.dicot,native,1,1,1
Eriogonum wrightii,Polygonaceae,3.dicot,native,1,1,1
Fallopia convolvulus,Polygonaceae,3.dicot,native,1,1,
Koenigia phytolaccifolia,Polygonaceae,3.dicot,native,1,1,1
Oxyria digyna,Polygonaceae,3.dicot,native,1,1,1
Persicaria amphibia,Polygonaceae,3.dicot,native,1,1,1
Persicaria hydropiper,Polygonaceae,3.dicot,introduced,1,1,
Persicaria hydropiperoides,Polygonaceae,3.dicot,native,1,1,
Persicaria lapathifolia,Polygonaceae,3.dicot,native,1,1,
Persicaria maculosa,Polygonaceae,3.dicot,introduced,1,1,
Polygonum aviculare,Polygonaceae,3.dicot,introduced,1,1,
Polygonum californicum,Polygonaceae,3.dicot,native,1,1,
Polygonum douglasii,Polygonaceae,3.dicot,native,1,1,1
Polygonum minimum,Polygonaceae,3.dicot,native,1,1,
Polygonum parryi,Polygonaceae,3.dicot,native,,1,
Polygonum polygaloides,Polygonaceae,3.dicot,native,1,1,1
Polygonum ramosissimum,Polygonaceae,3.dicot,introduced,1,1,
Polygonum sawatchense,Polygonaceae,3.dicot,native,1,1,
Polygonum shastense,Polygonaceae,3.dicot,native,1,1,1
Pterostegia drymarioides,Polygonaceae,3.dicot,native,1,1,
Rumex acetosella,Polygonaceae,3.dicot,introduced,1,1,1
Rumex californicus,Polygonaceae,3.dicot,native,1,1,
Rumex conglomeratus,Polygonaceae,3.dicot,introduced,1,1,
Rumex crispus,Polygonaceae,3.dicot,introduced,1,1,1
Rumex paucifolius,Polygonaceae,3.dicot,native,1,1,1
Rumex pulcher,Polygonaceae,3.dicot,introduced,1,1,
Rumex salicifolius,Polygonaceae,3.dicot,native,1,1,
Rumex triangulivalvis,Polygonaceae,3.dicot,native,1,1,
Rumex utahensis,Polygonaceae,3.dicot,native,,1,
Portulaca oleracea,Portulacaceae,3.dicot,introduced,1,1,
Androsace septentrionalis,Primulaceae,3.dicot,native,1,1,1
Lysimachia arvensis,Primulaceae,3.dicot,introduced,1,1,
Lysimachia latifolia,Primulaceae,3.dicot,native,1,,x
Primula hendersonii,Primulaceae,3.dicot,native,1,1,1
Primula jeffreyi,Primulaceae,3.dicot,native,1,1,1
Primula pauciflora,Primulaceae,3.dicot,native,,1,
Primula subalpina,Primulaceae,3.dicot,native,1,1,1
Primula suffrutescens,Primulaceae,3.dicot,native,1,1,1
Primula tetrandra,Primulaceae,3.dicot,native,1,1,1
Aconitum columbianum,Ranunculaceae,3.dicot,native,1,1,1
Actaea rubra,Ranunculaceae,3.dicot,native,1,1,1
Anemone drummondii,Ranunculaceae,3.dicot,native,1,1,
Aquilegia formosa,Ranunculaceae,3.dicot,native,1,1,1
Aquilegia pubescens,Ranunculaceae,3.dicot,native,1,1,1
Caltha leptosepala,Ranunculaceae,3.dicot,native,1,1,1
Clematis lasiantha,Ranunculaceae,3.dicot,native,1,1,
Clematis ligusticifolia,Ranunculaceae,3.dicot,native,1,1,
Delphinium depauperatum,Ranunculaceae,3.dicot,native,1,1,
Delphinium glaucum,Ranunculaceae,3.dicot,native,1,1,1
Delphinium gracilentum,Ranunculaceae,3.dicot,native,1,1,
Delphinium hansenii,Ranunculaceae,3.dicot,native,1,1,1
Delphinium hesperium,Ranunculaceae,3.dicot,native,,1,
Delphinium nudicaule,Ranunculaceae,3.dicot,native,1,1,
Delphinium nuttallianum,Ranunculaceae,3.dicot,native,1,1,1
Delphinium patens,Ranunculaceae,3.dicot,native,1,1,1
Delphinium polycladon,Ranunculaceae,3.dicot,native,1,1,
Enemion occidentale,Ranunculaceae,3.dicot,native,1,,
Halerpestes cymbalaria,Ranunculaceae,3.dicot,native,1,1,1
Kumlienia hystricula,Ranunculaceae,3.dicot,native,1,1,1
Pulsatilla occidentalis,Ranunculaceae,3.dicot,native,1,1,1
Ranunculus alismifolius,Ranunculaceae,3.dicot,native,1,1,1
Ranunculus californicus,Ranunculaceae,3.dicot,native,1,1,
Ranunculus eschscholtzii,Ranunculaceae,3.dicot,native,1,1,
Ranunculus flammula,Ranunculaceae,3.dicot,native,1,1,
Ranunculus glaberrimus,Ranunculaceae,3.dicot,native,,1,
Ranunculus hebecarpus,Ranunculaceae,3.dicot,native,1,1,
Ranunculus muricatus,Ranunculaceae,3.dicot,introduced,1,1,
Ranunculus occidentalis,Ranunculaceae,3.dicot,native,1,1,1
Ranunculus orthorhynchus,Ranunculaceae,3.dicot,native,1,1,
Ranunculus repens,Ranunculaceae,3.dicot,introduced,,,1
Ranunculus trichophyllus,Ranunculaceae,3.dicot,native,1,1,
Ranunculus uncinatus,Ranunculaceae,3.dicot,native,1,1,
Thalictrum fendleri,Ranunculaceae,3.dicot,native,1,1,1
Thalictrum sparsiflorum,Ranunculaceae,3.dicot,native,1,1,1
Ceanothus arcuatus,Rhamnaceae,3.dicot,native,,1,
Ceanothus cordulatus,Rhamnaceae,3.dicot,native,1,1,1
Ceanothus cuneatus,Rhamnaceae,3.dicot,native,1,1,1
Ceanothus diversifolius,Rhamnaceae,3.dicot,native,1,1,1
Ceanothus fresnensis,Rhamnaceae,3.dicot,native,1,1,1
Ceanothus integerrimus,Rhamnaceae,3.dicot,native,1,1,1
Ceanothus leucodermis,Rhamnaceae,3.dicot,native,1,1,1
Ceanothus parvifolius,Rhamnaceae,3.dicot,native,1,1,1
Ceanothus velutinus,Rhamnaceae,3.dicot,native,1,,
Frangula californica,Rhamnaceae,3.dicot,native,1,1,1
Frangula rubra,Rhamnaceae,3.dicot,native,1,1,1
Rhamnus ilicifolia,Rhamnaceae,3.dicot,native,1,1,1
Adenostoma fasciculatum,Rosaceae,3.dicot,native,1,1,
Amelanchier alnifolia,Rosaceae,3.dicot,native,1,1,
Amelanchier utahensis,Rosaceae,3.dicot,native,1,1,1
Argentina anserina,Rosaceae,3.dicot,native,1,1,
Cercocarpus betuloides,Rosaceae,3.dicot,native,1,1,1
Chamaebatia foliolosa,Rosaceae,3.dicot,native,1,1,1
Dasiphora fruticosa,Rosaceae,3.dicot,native,1,1,1
Drymocallis glandulosa,Rosaceae,3.dicot,native,1,1,1
Drymocallis hansenii,Rosaceae,3.dicot,native,1,1,
Drymocallis lactea,Rosaceae,3.dicot,native,1,1,1
Fragaria vesca,Rosaceae,3.dicot,native,1,1,1
Fragaria virginiana,Rosaceae,3.dicot,native,1,1,1
Geum macrophyllum,Rosaceae,3.dicot,native,1,1,1
Holodiscus discolor,Rosaceae,3.dicot,native,1,1,1
Horkelia fusca,Rosaceae,3.dicot,native,1,1,1
Horkelia tridentata,Rosaceae,3.dicot,native,1,1,1
Ivesia gordonii,Rosaceae,3.dicot,native,1,1,1
Ivesia lycopodioides,Rosaceae,3.dicot,native,1,1,1
Ivesia muirii,Rosaceae,3.dicot,native,1,1,1
Ivesia santolinoides,Rosaceae,3.dicot,native,1,1,1
Ivesia shockleyi,Rosaceae,3.dicot,native,1,,1
Ivesia unguiculata,Rosaceae,3.dicot,native,1,1,1
Physocarpus capitatus,Rosaceae,3.dicot,native,1,1,1
Potentilla amicarum,Rosaceae,3.dicot,native,1,1,
Potentilla breweri,Rosaceae,3.dicot,native,1,1,1
Potentilla bruceae,Rosaceae,3.dicot,native,1,1,
Potentilla diversifolia,Rosaceae,3.dicot,native,1,1,
Potentilla drummondii,Rosaceae,3.dicot,native,1,1,
Potentilla flabellifolia,Rosaceae,3.dicot,native,1,1,1
Potentilla glaucophylla,Rosaceae,3.dicot,native,,1,1
Potentilla gracilis,Rosaceae,3.dicot,native,1,1,1
Potentilla grayi,Rosaceae,3.dicot,native,1,1,
Potentilla indica,Rosaceae,3.dicot,introduced,,,1
Potentilla pensylvanica,Rosaceae,3.dicot,native,,1,
Potentilla pseudosericea,Rosaceae,3.dicot,native,1,1,
Prunus cerasifera,Rosaceae,3.dicot,introduced,,1,1
Prunus emarginata,Rosaceae,3.dicot,native,1,1,1
Prunus persica,Rosaceae,3.dicot,introduced,,1,
Prunus subcordata,Rosaceae,3.dicot,native,1,1,
Prunus virginiana,Rosaceae,3.dicot,native,1,1,1
Rosa bridgesii,Rosaceae,3.dicot,native,1,1,1
Rosa californica,Rosaceae,3.dicot,native,1,1,1
Rosa gymnocarpa,Rosaceae,3.dicot,native,1,1,1
Rosa woodsii,Rosaceae,3.dicot,native,1,1,1
Rubus armeniacus,Rosaceae,3.dicot,introduced,1,,1
Rubus glaucifolius,Rosaceae,3.dicot,native,1,1,
Rubus laciniatus,Rosaceae,3.dicot,introduced,1,1,1
Rubus leucodermis,Rosaceae,3.dicot,native,1,1,1
Rubus parviflorus,Rosaceae,3.dicot,native,1,1,1
Rubus ulmifolius,Rosaceae,3.dicot,introduced,,1,
Rubus ursinus,Rosaceae,3.dicot,native,1,1,1
Sibbaldia procumbens,Rosaceae,3.dicot,native,1,1,1
Sorbus californica,Rosaceae,3.dicot,native,1,1,1
Sorbus scopulina,Rosaceae,3.dicot,native,1,1,
Spiraea splendens,Rosaceae,3.dicot,native,1,1,1
Cephalanthus occidentalis,Rubiaceae,3.dicot,native,1,1,1
Galium aparine,Rubiaceae,3.dicot,native,1,1,1
Galium bifolium,Rubiaceae,3.dicot,native,1,1,
Galium bolanderi,Rubiaceae,3.dicot,native,1,1,
Galium boreale,Rubiaceae,3.dicot,native,1,1,
Galium mexicanum,Rubiaceae,3.dicot,native,1,1,
Galium parisiense,Rubiaceae,3.dicot,introduced,1,1,
Galium porrigens,Rubiaceae,3.dicot,native,1,1,1
Galium sparsiflorum,Rubiaceae,3.dicot,native,1,1,
Galium trifidum,Rubiaceae,3.dicot,native,1,1,
Galium triflorum,Rubiaceae,3.dicot,native,1,1,1
Kelloggia galioides,Rubiaceae,3.dicot,native,1,1,1
Populus tremuloides,Salicaceae,3.dicot,native,1,1,1
Populus trichocarpa,Salicaceae,3.dicot,native,1,1,1
Salix boothii,Salicaceae,3.dicot,native,1,1,
Salix eastwoodiae,Salicaceae,3.dicot,native,1,1,
Salix exigua,Salicaceae,3.dicot,native,1,1,1
Salix geyeriana,Salicaceae,3.dicot,native,1,1,1
Salix jepsonii,Salicaceae,3.dicot,native,1,1,
Salix laevigata,Salicaceae,3.dicot,native,1,1,
Salix lasiandra,Salicaceae,3.dicot,native,1,1,1
Salix lasiolepis,Salicaceae,3.dicot,native,1,1,
Salix lemmonii,Salicaceae,3.dicot,native,1,1,
Salix ligulifolia,Salicaceae,3.dicot,native,1,1,
Salix lutea,Salicaceae,3.dicot,native,1,,
Salix melanopsis,Salicaceae,3.dicot,native,1,1,
Salix nivalis,Salicaceae,3.dicot,native,1,1,1
Salix orestera,Salicaceae,3.dicot,native,1,1,
Salix petrophila,Salicaceae,3.dicot,native,1,1,1
Salix planifolia,Salicaceae,3.dicot,native,1,1,1
Salix prolixa,Salicaceae,3.dicot,native,1,1,
Salix scouleriana,Salicaceae,3.dicot,native,1,1,1
Arceuthobium abietinum,Santalaceae,3.dicot,native,1,1,1
Arceuthobium americanum,Santalaceae,3.dicot,native,1,1,
Arceuthobium californicum,Santalaceae,3.dicot,native,1,,
Arceuthobium campylopodum,Santalaceae,3.dicot,native,1,1,1
Arceuthobium occidentale,Santalaceae,3.dicot,native,1,,
Comandra umbellata,Santalaceae,3.dicot,native,1,1,1
Phoradendron bolleanum,Santalaceae,3.dicot,native,1,1,
Phoradendron juniperinum,Santalaceae,3.dicot,native,1,1,1
Phoradendron leucarpum,Santalaceae,3.dicot,native,,1,1
Phoradendron libocedri,Santalaceae,3.dicot,native,1,1,
Phoradendron pauciflorum,Santalaceae,3.dicot,native,1,1,
Phoradendron villosum,Santalaceae,3.dicot,native,1,1,1
Acer circinatum,Sapindaceae,3.dicot,native,,1,1
Acer glabrum,Sapindaceae,3.dicot,native,1,1,1
Acer macrophyllum,Sapindaceae,3.dicot,native,1,1,1
Aesculus californica,Sapindaceae,3.dicot,native,1,1,1
Bolandra californica,Saxifragaceae,3.dicot,native,1,1,1
Boykinia major,Saxifragaceae,3.dicot,native,1,1,1
Brewerimitella breweri,Saxifragaceae,3.dicot,native,1,1,1
Darmera peltata,Saxifragaceae,3.dicot,native,1,1,1
Heuchera micrantha,Saxifragaceae,3.dicot,native,1,1,1
Heuchera rubescens,Saxifragaceae,3.dicot,native,1,1,1
Lithophragma affine,Saxifragaceae,3.dicot,native,1,1,1
Lithophragma bolanderi,Saxifragaceae,3.dicot,native,1,1,1
Lithophragma glabrum,Saxifragaceae,3.dicot,native,1,1,1
Lithophragma heterophyllum,Saxifragaceae,3.dicot,native,1,1,1
Lithophragma parviflorum,Saxifragaceae,3.dicot,native,1,1,1
Micranthes aprica,Saxifragaceae,3.dicot,native,1,1,1
Micranthes bryophora,Saxifragaceae,3.dicot,native,1,1,1
Micranthes californica,Saxifragaceae,3.dicot,native,1,1,
Micranthes nidifica,Saxifragaceae,3.dicot,native,1,1,1
Micranthes odontoloma,Saxifragaceae,3.dicot,native,1,1,1
Micranthes oregana,Saxifragaceae,3.dicot,native,1,1,
Micranthes tolmiei,Saxifragaceae,3.dicot,native,1,1,1
Pectiantia pentandra,Saxifragaceae,3.dicot,native,1,1,1
Saxifraga hyperborea,Saxifragaceae,3.dicot,native,1,1,1
Saxifraga mertensiana,Saxifragaceae,3.dicot,native,1,1,
Scrophularia californica,Scrophulariaceae,3.dicot,native,1,1,1
Scrophularia desertorum,Scrophulariaceae,3.dicot,native,1,1,
Verbascum blattaria,Scrophulariaceae,3.dicot,introduced,1,,1
Verbascum thapsus,Scrophulariaceae,3.dicot,introduced,1,1,1
Verbascum virgatum,Scrophulariaceae,3.dicot,introduced,,,1
Ailanthus altissima,Simaroubaceae,3.dicot,introduced,,,1
Datura wrightii,Solanaceae,3.dicot,native,1,1,1
Nicotiana acuminata,Solanaceae,3.dicot,introduced,1,1,1
Nicotiana attenuata,Solanaceae,3.dicot,native,1,1,1
Solanum americanum,Solanaceae,3.dicot,native,1,,1
Solanum nigrum,Solanaceae,3.dicot,introduced,,1,1
Solanum xanti,Solanaceae,3.dicot,native,1,1,1
Staphylea bolanderi,Staphyleaceae,3.dicot,native,1,1,1
Urtica gracilis,Urticaceae,3.dicot,native,1,,
Urtica urens,Urticaceae,3.dicot,introduced,1,1,
Verbena hastata,Verbenaceae,3.dicot,native,1,,
Verbena lasiostachys,Verbenaceae,3.dicot,native,1,1,1
Sambucus cerulea,Viburnaceae,3.dicot,native,1,1,1
Sambucus racemosa,Viburnaceae,3.dicot,native,1,1,1
Viola adunca,Violaceae,3.dicot,native,1,1,1
Viola arvensis,Violaceae,3.dicot,introduced,1,1,1
Viola bakeri,Violaceae,3.dicot,native,1,1,1
Viola glabella,Violaceae,3.dicot,native,1,1,1
Viola lobata,Violaceae,3.dicot,native,1,1,1
Viola macloskeyi,Violaceae,3.dicot,native,1,1,1
Viola odorata,Violaceae,3.dicot,introduced,,1,1
Viola pinetorum,Violaceae,3.dicot,native,1,1,1
Viola purpurea,Violaceae,3.dicot,native,1,1,1
Viola sheltonii,Violaceae,3.dicot,native,1,1,1
Parthenocissus inserta,Vitaceae,3.dicot,introduced,1,1,
Parthenocissus quinquefolia,Vitaceae,3.dicot,introduced,,,1
Vitis californica,Vitaceae,3.dicot,native,1,1,1
Tribulus terrestris,Zygophyllaceae,3.dicot,introduced,1,1,1
Bulbostylis capillaris,Cyperaceae,4.monocot,native,1,1,
Calliscirpus criniger,Cyperaceae,4.monocot,native,1,1,1
Carex abrupta,Cyperaceae,4.monocot,native,1,1,
Carex albonigra,Cyperaceae,4.monocot,native,1,1,
Carex amplifolia,Cyperaceae,4.monocot,native,1,1,
Carex angustata,Cyperaceae,4.monocot,native,1,1,
Carex aquatilis,Cyperaceae,4.monocot,native,1,1,
Carex athrostachya,Cyperaceae,4.monocot,native,1,1,
Carex aurea,Cyperaceae,4.monocot,native,1,1,1
Carex bolanderi,Cyperaceae,4.monocot,native,1,1,
Carex brainerdii,Cyperaceae,4.monocot,native,1,1,
Carex breweri,Cyperaceae,4.monocot,native,1,1,1
Carex buxbaumii,Cyperaceae,4.monocot,native,1,1,
Carex canescens,Cyperaceae,4.monocot,native,1,1,
Carex capillaris,Cyperaceae,4.monocot,native,1,1,
Carex capitata,Cyperaceae,4.monocot,native,1,1,1
Carex congdonii,Cyperaceae,4.monocot,native,1,1,1
Carex cusickii,Cyperaceae,4.monocot,native,1,1,
Carex davyi,Cyperaceae,4.monocot,native,1,1,
Carex densa,Cyperaceae,4.monocot,native,1,1,
Carex douglasii,Cyperaceae,4.monocot,native,1,1,
Carex echinata,Cyperaceae,4.monocot,native,1,1,
Carex feta,Cyperaceae,4.monocot,native,1,1,1
Carex filifolia,Cyperaceae,4.monocot,native,1,1,1
Carex fissuricola,Cyperaceae,4.monocot,native,1,1,
Carex fracta,Cyperaceae,4.monocot,native,1,1,
Carex hassei,Cyperaceae,4.monocot,native,1,1,
Carex haydeniana,Cyperaceae,4.monocot,native,1,1,
Carex helleri,Cyperaceae,4.monocot,native,1,1,
Carex heteroneura,Cyperaceae,4.monocot,native,1,1,1
Carex hoodii,Cyperaceae,4.monocot,native,1,1,
Carex illota,Cyperaceae,4.monocot,native,1,1,
Carex incurviformis,Cyperaceae,4.monocot,native,1,1,
Carex integra,Cyperaceae,4.monocot,native,1,1,1
Carex jonesii,Cyperaceae,4.monocot,native,1,1,
Carex kelloggii,Cyperaceae,4.monocot,native,1,1,
Carex lemmonii,Cyperaceae,4.monocot,native,1,1,
Carex leporinella,Cyperaceae,4.monocot,native,1,1,
Carex leptopoda,Cyperaceae,4.monocot,native,1,1,
Carex limosa,Cyperaceae,4.monocot,native,1,1,
Carex luzulifolia,Cyperaceae,4.monocot,native,1,1,
Carex mariposana,Cyperaceae,4.monocot,native,1,1,
Carex microptera,Cyperaceae,4.monocot,native,1,1,
Carex multicaulis,Cyperaceae,4.monocot,native,1,1,1
Carex multicostata,Cyperaceae,4.monocot,native,1,1,
Carex nebrascensis,Cyperaceae,4.monocot,native,1,1,
Carex nervina,Cyperaceae,4.monocot,native,1,1,
Carex nigricans,Cyperaceae,4.monocot,native,1,1,1
Carex nudata,Cyperaceae,4.monocot,native,1,1,
Carex pachystachya,Cyperaceae,4.monocot,native,1,1,
Carex pellita,Cyperaceae,4.monocot,native,1,1,
Carex phaeocephala,Cyperaceae,4.monocot,native,1,1,
Carex praeceptorum,Cyperaceae,4.monocot,native,1,1,
Carex praegracilis,Cyperaceae,4.monocot,native,1,1,
Carex praticola,Cyperaceae,4.monocot,native,1,1,
Carex preslii,Cyperaceae,4.monocot,native,1,1,
Carex raynoldsii,Cyperaceae,4.monocot,native,1,1,1
Carex rossii,Cyperaceae,4.monocot,native,1,1,
Carex sartwelliana,Cyperaceae,4.monocot,native,1,1,1
Carex scirpoidea,Cyperaceae,4.monocot,native,1,1,
Carex scopulorum,Cyperaceae,4.monocot,native,1,1,
Carex senta,Cyperaceae,4.monocot,native,1,1,
Carex simulata,Cyperaceae,4.monocot,native,1,1,
Carex specifica,Cyperaceae,4.monocot,native,1,1,
Carex spectabilis,Cyperaceae,4.monocot,native,1,1,
Carex stipata,Cyperaceae,4.monocot,native,1,1,
Carex straminiformis,Cyperaceae,4.monocot,native,1,1,1
Carex subfusca,Cyperaceae,4.monocot,native,1,1,1
Carex subnigricans,Cyperaceae,4.monocot,native,1,1,
Carex tahoensis,Cyperaceae,4.monocot,native,1,1,
Carex tompkinsii,Cyperaceae,4.monocot,native,1,1,
Carex utriculata,Cyperaceae,4.monocot,native,1,1,1
Carex vernacula,Cyperaceae,4.monocot,native,1,1,1
Carex vesicaria,Cyperaceae,4.monocot,native,1,1,1
Carex whitneyi,Cyperaceae,4.monocot,native,1,1,1
Cyperus eragrostis,Cyperaceae,4.monocot,native,1,1,
Cyperus esculentus,Cyperaceae,4.monocot,native,1,1,
Cyperus hemioccidentalis,Cyperaceae,4.monocot,native,1,1,
Cyperus squarrosus,Cyperaceae,4.monocot,native,1,1,
Dulichium arundinaceum,Cyperaceae,4.monocot,native,1,1,
Eleocharis acicularis,Cyperaceae,4.monocot,native,1,1,
Eleocharis bella,Cyperaceae,4.monocot,native,1,1,
Eleocharis bolanderi,Cyperaceae,4.monocot,native,1,1,
Eleocharis decumbens,Cyperaceae,4.monocot,native,1,1,
Eleocharis engelmannii,Cyperaceae,4.monocot,native,1,1,
Eleocharis macrostachya,Cyperaceae,4.monocot,native,1,1,
Eleocharis parishii,Cyperaceae,4.monocot,native,1,1,
Eleocharis quinqueflora,Cyperaceae,4.monocot,native,1,1,
Eriophorum gracile,Cyperaceae,4.monocot,native,1,1,1
Lipocarpha micrantha,Cyperaceae,4.monocot,native,1,1,
Oreobolopsis clementis,Cyperaceae,4.monocot,native,1,1,1
Schoenoplectus acutus,Cyperaceae,4.monocot,native,1,1,
Schoenoplectus subterminalis,Cyperaceae,4.monocot,native,1,1,
Scirpus congdonii,Cyperaceae,4.monocot,native,1,1,
Scirpus cyperinus,Cyperaceae,4.monocot,introduced,1,1,
Scirpus diffusus,Cyperaceae,4.monocot,native,1,1,
Scirpus microcarpus,Cyperaceae,4.monocot,native,1,1,1
Juncus amuricus,Juncaceae,4.monocot,native,1,1,
Juncus balticus,Juncaceae,4.monocot,native,1,1,
Juncus bryoides,Juncaceae,4.monocot,native,1,1,
Juncus bufonius,Juncaceae,4.monocot,native,1,1,
Juncus capillaris,Juncaceae,4.monocot,native,1,1,
Juncus chlorocephalus,Juncaceae,4.monocot,native,1,1,1
Juncus confusus,Juncaceae,4.monocot,native,1,1,
Juncus covillei,Juncaceae,4.monocot,native,1,1,
Juncus drummondii,Juncaceae,4.monocot,native,1,1,
Juncus dubius,Juncaceae,4.monocot,native,1,1,
Juncus effusus,Juncaceae,4.monocot,native,1,1,1
Juncus ensifolius,Juncaceae,4.monocot,native,1,1,
Juncus exiguus,Juncaceae,4.monocot,native,1,1,
Juncus hemiendytus,Juncaceae,4.monocot,native,1,1,
Juncus longistylis,Juncaceae,4.monocot,native,1,1,
Juncus macrandrus,Juncaceae,4.monocot,native,1,1,
Juncus mertensianus,Juncaceae,4.monocot,native,1,1,1
Juncus nevadensis,Juncaceae,4.monocot,native,1,1,
Juncus occidentalis,Juncaceae,4.monocot,native,1,1,
Juncus orthophyllus,Juncaceae,4.monocot,native,1,1,
Juncus oxymeris,Juncaceae,4.monocot,native,1,1,
Juncus parryi,Juncaceae,4.monocot,native,1,1,1
Juncus saximontanus,Juncaceae,4.monocot,native,1,1,
Juncus tenuis,Juncaceae,4.monocot,native,1,1,
Juncus tiehmii,Juncaceae,4.monocot,native,1,1,
Juncus triformis,Juncaceae,4.monocot,native,1,1,
Juncus uncialis,Juncaceae,4.monocot,native,1,1,
Juncus xiphioides,Juncaceae,4.monocot,native,1,1,1
Luzula comosa,Juncaceae,4.monocot,native,1,1,
Luzula divaricata,Juncaceae,4.monocot,native,1,1,1
Luzula orestera,Juncaceae,4.monocot,native,1,1,1
Luzula parviflora,Juncaceae,4.monocot,native,1,1,1
Luzula spicata,Juncaceae,4.monocot,native,1,1,1
Luzula subcongesta,Juncaceae,4.monocot,native,1,1,
Triglochin maritima,Juncaginaceae,4.monocot,native,1,1,
Triglochin palustris,Juncaginaceae,4.monocot,native,1,1,1
Triglochin scilloides,Juncaginaceae,4.monocot,native,1,,
Agrostis capillaris,Poaceae,4.monocot,introduced,1,1,
Agrostis exarata,Poaceae,4.monocot,native,1,1,
Agrostis gigantea,Poaceae,4.monocot,introduced,1,1,
Agrostis humilis,Poaceae,4.monocot,native,1,1,
Agrostis idahoensis,Poaceae,4.monocot,native,1,1,
Agrostis oregonensis,Poaceae,4.monocot,native,1,1,
Agrostis pallens,Poaceae,4.monocot,native,1,1,
Agrostis scabra,Poaceae,4.monocot,native,1,1,
Agrostis stolonifera,Poaceae,4.monocot,native,1,1,
Agrostis variabilis,Poaceae,4.monocot,native,1,1,
Aira caryophyllea,Poaceae,4.monocot,introduced,1,1,1
Alopecurus aequalis,Poaceae,4.monocot,native,1,1,1
Andropogon virginicus,Poaceae,4.monocot,introduced,1,1,
Avena barbata,Poaceae,4.monocot,introduced,1,1,
Avena fatua,Poaceae,4.monocot,introduced,1,1,1
Briza minor,Poaceae,4.monocot,introduced,1,1,
Bromus arenarius,Poaceae,4.monocot,introduced,1,1,
Bromus carinatus,Poaceae,4.monocot,native,1,1,
Bromus catharticus,Poaceae,4.monocot,introduced,1,1,
Bromus ciliatus,Poaceae,4.monocot,native,1,1,
Bromus diandrus,Poaceae,4.monocot,introduced,1,1,
Bromus grandis,Poaceae,4.monocot,native,1,1,
Bromus hordeaceus,Poaceae,4.monocot,introduced,1,1,1
Bromus inermis,Poaceae,4.monocot,native,1,1,1
Bromus japonicus,Poaceae,4.monocot,introduced,1,1,
Bromus laevipes,Poaceae,4.monocot,introduced,1,1,
Bromus madritensis,Poaceae,4.monocot,introduced,1,1,
Bromus orcuttianus,Poaceae,4.monocot,native,1,1,
Bromus rubens,Poaceae,4.monocot,introduced,1,1,
Bromus secalinus,Poaceae,4.monocot,introduced,1,1,
Bromus sterilis,Poaceae,4.monocot,introduced,1,1,
Bromus suksdorfii,Poaceae,4.monocot,native,1,1,
Bromus tectorum,Poaceae,4.monocot,introduced,1,1,1
Bromus vulgaris,Poaceae,4.monocot,native,1,1,
Calamagrostis canadensis,Poaceae,4.monocot,native,1,1,1
Calamagrostis inexpansa,Poaceae,4.monocot,native,1,1,
Calamagrostis muiriana,Poaceae,4.monocot,native,1,1,1
Calamagrostis purpurascens,Poaceae,4.monocot,native,1,1,
Calamagrostis stricta,Poaceae,4.monocot,native,,1,
Cinna bolanderi,Poaceae,4.monocot,native,1,1,
Cynodon dactylon,Poaceae,4.monocot,introduced,1,1,
Cynosurus echinatus,Poaceae,4.monocot,introduced,1,1,1
Dactylis glomerata,Poaceae,4.monocot,introduced,1,1,1
Danthonia californica,Poaceae,4.monocot,native,1,1,1
Danthonia intermedia,Poaceae,4.monocot,native,1,1,1
Danthonia unispicata,Poaceae,4.monocot,native,1,1,
Deschampsia cespitosa,Poaceae,4.monocot,native,1,1,1
Deschampsia danthonioides,Poaceae,4.monocot,native,1,1,
Deschampsia elongata,Poaceae,4.monocot,native,1,1,
Dichanthelium acuminatum,Poaceae,4.monocot,native,1,1,
Digitaria ischaemum,Poaceae,4.monocot,introduced,1,1,
Digitaria sanguinalis,Poaceae,4.monocot,introduced,1,1,
Distichlis spicata,Poaceae,4.monocot,native,1,1,
Echinochloa crus-galli,Poaceae,4.monocot,introduced,1,1,
Elymus elymoides,Poaceae,4.monocot,native,1,1,1
Elymus glaucus,Poaceae,4.monocot,native,1,1,
Elymus multisetus,Poaceae,4.monocot,native,1,1,
Elymus sierrae,Poaceae,4.monocot,native,1,1,
Elymus stebbinsii,Poaceae,4.monocot,native,1,1,
Elymus trachycaulus,Poaceae,4.monocot,native,1,1,1
Eragrostis cilianensis,Poaceae,4.monocot,introduced,1,1,
Eragrostis pilosa,Poaceae,4.monocot,native,1,1,
Eragrostis virescens,Poaceae,4.monocot,native,1,1,
Eriocoma latiglumis,Poaceae,4.monocot,native,1,1,
Eriocoma lemmonii,Poaceae,4.monocot,native,1,1,
Eriocoma nelsonii,Poaceae,4.monocot,native,1,1,
Eriocoma nevadensis,Poaceae,4.monocot,native,1,1,
Eriocoma occidentalis,Poaceae,4.monocot,native,1,1,
Eriocoma thurberiana,Poaceae,4.monocot,native,1,1,
Festuca brachyphylla,Poaceae,4.monocot,native,1,1,
Festuca idahoensis,Poaceae,4.monocot,native,1,1,
Festuca microstachys,Poaceae,4.monocot,native,1,1,1
Festuca minutiflora,Poaceae,4.monocot,native,1,1,
Festuca myuros,Poaceae,4.monocot,introduced,1,1,
Festuca occidentalis,Poaceae,4.monocot,native,1,1,
Festuca pratensis,Poaceae,4.monocot,introduced,1,1,
Festuca rubra,Poaceae,4.monocot,native,1,1,
Festuca saximontana,Poaceae,4.monocot,native,1,1,
Festuca subulata,Poaceae,4.monocot,native,1,1,
Glyceria borealis,Poaceae,4.monocot,native,1,1,
Glyceria elata,Poaceae,4.monocot,native,1,1,
Glyceria striata,Poaceae,4.monocot,native,1,1,
Graphephorum canescens,Poaceae,4.monocot,native,1,1,
Graphephorum wolfii,Poaceae,4.monocot,native,1,1,
Holcus lanatus,Poaceae,4.monocot,introduced,1,1,1
Hordeum brachyantherum,Poaceae,4.monocot,native,1,1,1
Hordeum marinum,Poaceae,4.monocot,introduced,1,1,
Hordeum murinum,Poaceae,4.monocot,introduced,1,1,
Koeleria macrantha,Poaceae,4.monocot,native,1,1,
Koeleria spicata,Poaceae,4.monocot,native,1,1,1
Leymus triticoides,Poaceae,4.monocot,native,1,1,
Lolium arundinaceum,Poaceae,4.monocot,introduced,1,1,
Lolium multiflorum,Poaceae,4.monocot,introduced,1,1,
Lolium perenne,Poaceae,4.monocot,introduced,1,1,
Lolium temulentum,Poaceae,4.monocot,introduced,1,1,
Melica aristata,Poaceae,4.monocot,native,1,1,
Melica bulbosa,Poaceae,4.monocot,native,1,1,
Melica californica,Poaceae,4.monocot,native,1,1,1
Melica harfordii,Poaceae,4.monocot,native,1,1,
Melica imperfecta,Poaceae,4.monocot,native,1,1,
Melica stricta,Poaceae,4.monocot,native,1,1,1
Melica subulata,Poaceae,4.monocot,native,1,1,
Muhlenbergia andina,Poaceae,4.monocot,native,1,1,
Muhlenbergia asperifolia,Poaceae,4.monocot,native,1,1,
Muhlenbergia filiformis,Poaceae,4.monocot,native,1,1,
Muhlenbergia minutissima,Poaceae,4.monocot,native,1,1,
Muhlenbergia montana,Poaceae,4.monocot,native,1,1,
Muhlenbergia richardsonis,Poaceae,4.monocot,native,1,1,
Muhlenbergia rigens,Poaceae,4.monocot,native,1,1,1
Muhlenbergia schreberi,Poaceae,4.monocot,native,1,1,
Panicum capillare,Poaceae,4.monocot,native,1,1,1
Panicum miliaceum,Poaceae,4.monocot,introduced,1,,
Parapholis incurva,Poaceae,4.monocot,introduced,1,1,
Phalaris arundinacea,Poaceae,4.monocot,native,1,,
Phleum alpinum,Poaceae,4.monocot,native,1,1,1
Phleum pratense,Poaceae,4.monocot,introduced,1,1,1
Poa annua,Poaceae,4.monocot,introduced,1,1,
Poa bolanderi,Poaceae,4.monocot,native,1,1,
Poa bulbosa,Poaceae,4.monocot,introduced,1,1,1
Poa compressa,Poaceae,4.monocot,introduced,1,1,
Poa cusickii,Poaceae,4.monocot,native,1,1,
Poa fendleriana,Poaceae,4.monocot,native,1,1,
Poa glauca,Poaceae,4.monocot,native,1,1,
Poa keckii,Poaceae,4.monocot,native,1,1,
Poa leptocoma,Poaceae,4.monocot,native,1,1,1
Poa nemoralis,Poaceae,4.monocot,introduced,1,1,
Poa pratensis,Poaceae,4.monocot,introduced,1,1,1
Poa pringlei,Poaceae,4.monocot,native,1,1,
Poa secunda,Poaceae,4.monocot,native,1,1,1
Poa stebbinsii,Poaceae,4.monocot,native,1,1,
Poa wheeleri,Poaceae,4.monocot,native,1,1,
Polypogon maritimus,Poaceae,4.monocot,introduced,1,1,
Polypogon monspeliensis,Poaceae,4.monocot,introduced,1,1,
Polypogon viridis,Poaceae,4.monocot,introduced,1,1,
Ptilagrostiella kingii,Poaceae,4.monocot,native,1,1,1
Puccinellia nuttalliana,Poaceae,4.monocot,native,1,1,
Scribneria bolanderi,Poaceae,4.monocot,native,1,1,
Setaria pumila,Poaceae,4.monocot,introduced,1,1,
Setaria viridis,Poaceae,4.monocot,introduced,1,1,
Stipa lettermanii,Poaceae,4.monocot,native,1,1,
Stipa pinetorum,Poaceae,4.monocot,native,1,1,
Torreyochloa erecta,Poaceae,4.monocot,native,1,1,
Torreyochloa pallida,Poaceae,4.monocot,native,1,1,
Triticum aestivum,Poaceae,4.monocot,introduced,1,1,
Potamogeton alpinus,Potamogetonaceae,4.monocot,native,1,1,
Potamogeton berchtoldii,Potamogetonaceae,4.monocot,native,1,1,
Potamogeton epihydrus,Potamogetonaceae,4.monocot,native,1,1,
Potamogeton foliosus,Potamogetonaceae,4.monocot,native,1,1,
Potamogeton gramineus,Potamogetonaceae,4.monocot,native,1,1,
Potamogeton natans,Potamogetonaceae,4.monocot,native,1,1,1
Potamogeton pusillus,Potamogetonaceae,4.monocot,native,1,1,
Potamogeton robbinsii,Potamogetonaceae,4.monocot,native,1,1,
Stuckenia filiformis,Potamogetonaceae,4.monocot,native,1,1,
Sparganium angustifolium,Typhaceae,4.monocot,native,1,1,1
Sparganium emersum,Typhaceae,4.monocot,native,1,1,
Sparganium natans,Typhaceae,4.monocot,native,1,1,
Typha latifolia,Typhaceae,4.monocot,native,1,1,1
Calliscirpus brachythrix,Cyperaceae,4.monocot-graminoids,native,,1,
Carex alma,Cyperaceae,4.monocot-graminoids,native,,1,
Carex deflexa,Cyperaceae,4.monocot-graminoids,native,,1,
Carex diandra,Cyperaceae,4.monocot-graminoids,native,,1,
Carex luzulina,Cyperaceae,4.monocot-graminoids,native,,1,1
Carex orestera,Cyperaceae,4.monocot-graminoids,native,,1,
Carex serratodens,Cyperaceae,4.monocot-graminoids,native,,1,
Carex viridula,Cyperaceae,4.monocot-graminoids,native,,1,
Eleocharis obtusa,Cyperaceae,4.monocot-graminoids,native,,1,
Eleocharis ovata,Cyperaceae,4.monocot-graminoids,native,,1,
Eleocharis palustris,Cyperaceae,4.monocot-graminoids,native,,1,
Isolepis cernua,Cyperaceae,4.monocot-graminoids,native,1,,
Schoenoplectus pungens,Cyperaceae,4.monocot-graminoids,native,1,1,
Juncus laccatus,Juncaceae,4.monocot-graminoids,native,,1,
Luzula cascadensis,Juncaceae,4.monocot-graminoids,native,,1,
Luzula macrantha,Juncaceae,4.monocot-graminoids,native,,1,
Alopecurus geniculatus,Poaceae,4.monocot-graminoids,introduced,,1,
Bromus marginatus,Poaceae,4.monocot-graminoids,native,,1,
Bromus porteri,Poaceae,4.monocot-graminoids,native,,1,
Bromus pumpellianus,Poaceae,4.monocot-graminoids,introduced,,,1
Cinna latifolia,Poaceae,4.monocot-graminoids,native,1,1,
Coleataenia rigidula,Poaceae,4.monocot-graminoids,introduced,,1,
Dichanthelium lanuginosum,Poaceae,4.monocot-graminoids,native,,1,1
Elymus saundersii,Poaceae,4.monocot-graminoids,native,,1,
Elymus violaceus,Poaceae,4.monocot-graminoids,native,1,,
Festuca viridula,Poaceae,4.monocot-graminoids,native,,1,
Koeleria projecta,Poaceae,4.monocot-graminoids,native,,1,
Melica torreyana,Poaceae,4.monocot-graminoids,native,,1,
Poa palustris,Poaceae,4.monocot-graminoids,introduced,,1,
Poa trivialis,Poaceae,4.monocot-graminoids,introduced,,1,
Vulpia bromoides,Poaceae,4.monocot-graminoids,introduced,1,1,
Alisma triviale,Alismataceae,5.monocot-showy,native,1,1,
Sagittaria cuneata,Alismataceae,5.monocot-showy,native,1,1,
Allium amplectens,Amaryllidaceae,5.monocot-showy,native,1,1,1
Allium campanulatum,Amaryllidaceae,5.monocot-showy,native,1,1,1
Allium hyalinum,Amaryllidaceae,5.monocot-showy,native,1,,
Allium obtusum,Amaryllidaceae,5.monocot-showy,native,1,1,1
Allium tribracteatum,Amaryllidaceae,5.monocot-showy,native,1,1,1
Allium validum,Amaryllidaceae,5.monocot-showy,native,1,1,1
Allium yosemitense,Amaryllidaceae,5.monocot-showy,native,1,1,
Arum italicum,Araceae,5.monocot-showy,introduced,,1,
Lemna minuta,Araceae,5.monocot-showy,native,1,,
Aralia californica,Araliaceae,5.monocot-showy,native,1,1,
Asparagus officinalis,Asparagaceae,5.monocot-showy,introduced,,,1
Brodiaea elegans,Asparagaceae,5.monocot-showy,native,1,1,1
Camassia leichtlinii,Asparagaceae,5.monocot-showy,native,,1,1
Camassia quamash,Asparagaceae,5.monocot-showy,native,1,1,1
Chlorogalum pomeridianum,Asparagaceae,5.monocot-showy,native,1,1,1
Dichelostemma congestum,Asparagaceae,5.monocot-showy,native,,1,
Dichelostemma multiflorum,Asparagaceae,5.monocot-showy,native,1,1,1
Dichelostemma volubile,Asparagaceae,5.monocot-showy,native,1,1,1
Dipterostemon capitatus,Asparagaceae,5.monocot-showy,native,1,1,1
Maianthemum racemosum,Asparagaceae,5.monocot-showy,native,1,1,1
Maianthemum stellatum,Asparagaceae,5.monocot-showy,native,1,1,1
Triteleia dudleyi,Asparagaceae,5.monocot-showy,native,1,1,1
Triteleia hyacinthina,Asparagaceae,5.monocot-showy,native,1,1,1
Triteleia ixioides,Asparagaceae,5.monocot-showy,native,1,1,1
Triteleia laxa,Asparagaceae,5.monocot-showy,native,1,1,1
Triteleia montana,Asparagaceae,5.monocot-showy,native,1,1,1
Elodea canadensis,Hydrocharitaceae,5.monocot-showy,native,,1,1
Elodea nuttallii,Hydrocharitaceae,5.monocot-showy,native,,1,
Iris hartwegii,Iridaceae,5.monocot-showy,native,1,1,1
Iris missouriensis,Iridaceae,5.monocot-showy,native,1,1,1
Sisyrinchium bellum,Iridaceae,5.monocot-showy,native,1,1,1
Sisyrinchium elmeri,Iridaceae,5.monocot-showy,native,1,1,1
Sisyrinchium idahoense,Iridaceae,5.monocot-showy,native,1,1,
Calochortus leichtlinii,Liliaceae,5.monocot-showy,native,1,1,1
Calochortus luteus,Liliaceae,5.monocot-showy,native,1,1,
Calochortus minimus,Liliaceae,5.monocot-showy,native,1,1,1
Calochortus superbus,Liliaceae,5.monocot-showy,native,1,1,1
Calochortus venustus,Liliaceae,5.monocot-showy,native,1,1,1
Clintonia uniflora,Liliaceae,5.monocot-showy,native,1,1,1
Fritillaria affinis,Liliaceae,5.monocot-showy,native,,1,
Fritillaria atropurpurea,Liliaceae,5.monocot-showy,native,1,1,1
Fritillaria micrantha,Liliaceae,5.monocot-showy,native,1,1,1
Fritillaria pinetorum,Liliaceae,5.monocot-showy,native,1,1,1
Lilium pardalinum,Liliaceae,5.monocot-showy,native,,1,1
Lilium parvum,Liliaceae,5.monocot-showy,native,1,1,1
Lilium washingtonianum,Liliaceae,5.monocot-showy,native,1,1,1
Prosartes hookeri,Liliaceae,5.monocot-showy,native,1,1,1
Toxicoscordion exaltatum,Melanthiaceae,5.monocot-showy,native,1,1,
Toxicoscordion paniculatum,Melanthiaceae,5.monocot-showy,native,1,1,
Toxicoscordion venenosum,Melanthiaceae,5.monocot-showy,native,1,1,1
Trillium angustipetalum,Melanthiaceae,5.monocot-showy,native,1,1,1
Veratrum californicum,Melanthiaceae,5.monocot-showy,native,1,1,1
Narthecium californicum,Nartheciaceae,5.monocot-showy,native,1,1,
Cephalanthera austiniae,Orchidaceae,5.monocot-showy,native,1,1,1
Corallorhiza maculata,Orchidaceae,5.monocot-showy,native,1,1,1
Corallorhiza striata,Orchidaceae,5.monocot-showy,native,1,1,1
Cypripedium montanum,Orchidaceae,5.monocot-showy,native,1,1,1
Epipactis gigantea,Orchidaceae,5.monocot-showy,native,1,1,
Epipactis helleborine,Orchidaceae,5.monocot-showy,introduced,1,1,
Goodyera oblongifolia,Orchidaceae,5.monocot-showy,native,1,1,1
Neottia convallarioides,Orchidaceae,5.monocot-showy,native,1,1,
Platanthera colemanii,Orchidaceae,5.monocot-showy,native,1,1,1
Platanthera dilatata,Orchidaceae,5.monocot-showy,native,1,1,1
Platanthera elongata,Orchidaceae,5.monocot-showy,native,,1,1
Platanthera leptopetala,Orchidaceae,5.monocot-showy,native,,,1
Platanthera sparsiflora,Orchidaceae,5.monocot-showy,native,1,1,1
Platanthera transversa,Orchidaceae,5.monocot-showy,native,1,1,1
Platanthera unalascensis,Orchidaceae,5.monocot-showy,native,1,1,1
Platanthera yosemitensis,Orchidaceae,5.monocot-showy,native,1,1,1
Spiranthes perexilis,Orchidaceae,5.monocot-showy,native,1,1,1
Spiranthes porrifolia,Orchidaceae,5.monocot-showy,native,1,1,1
Spiranthes romanzoffiana,Orchidaceae,5.monocot-showy,native,1,1,1
Spiranthes x stellata,Orchidaceae,5.monocot-showy,native,1,1,1
Triantha occidentalis,Tofieldiaceae,5.monocot-showy,native,1,1,1
